納品日,社区分,店コード,店名(漢字),電話番号,1便コース,1便順,1便ステーション,1便アイル,1便スロット,1便ドッグNo,1便搬入条件2便コース,2便順,2便ステーション,2便アイル,2便スロット,3便コース,3便順,3便ステーション,3便アイル,3便スロット,
20231226,0,013356,Ｌ　南大井６丁目　　　　　　　　　　　　　　　　　,03-3762-8539    ,22,7,1,3,2,005,00,0145,2230,2230,0315,7660,㈱トランスメイト　　,    ,29,4,1,2,20,005,00,0825,0615,0615,1030,7660,㈱トランスメイト　　,    ,27,4,1,3,34,004,00,1610,1330,1330,1730,7660,㈱トランスメイト　　,    ,
20231226,0,014083,Ｌ＿大森北３丁目　　　　　　　　　　　　　　　　　,03-5753-2422    ,20,2,1,3,30,007,00,0000,2215,2215,0315,7660,㈱トランスメイト　　,    ,29,3,1,2,25,005,00,0805,0615,0615,1030,7660,㈱トランスメイト　　,    ,29,1,3,7,7,002,00,1425,1300,1300,1745,7660,㈱トランスメイト　　,    ,
20231226,0,014249,Ｌ　東品川３丁目　　　　　　　　　　　　　　　　　,03-5460-7633    ,7,7,2,5,14,009,00,0040,2000,2000,0100,7660,㈱トランスメイト　　,    ,4,6,2,6,39,015,00,0855,0430,0430,0945,7660,㈱トランスメイト　　,    ,11,1,1,2,43,009,00,1330,1200,1200,1615,7660,㈱トランスメイト　　,    ,
20231226,0,014522,Ｌ＿新蒲田１丁目　　　　　　　　　　　　　　　　　,03-3731-1656    ,13,1,1,1,11,003,00,2330,2200,2200,0315,7660,㈱トランスメイト　　,    ,27,6,1,3,33,007,00,0910,0615,0615,1030,7660,㈱トランスメイト　　,    ,8,2,2,5,38,012,00,1350,1145,1145,1630,7660,㈱トランスメイト　　,    ,
20231226,0,017762,Ｌ　八潮５丁目　　　　　　　　　　　　　　　　　　,03-3799-5776    ,21,8,1,3,10,006,00,0210,2230,2230,0245,7660,㈱トランスメイト　　,    ,30,7,1,2,8,004,00,0940,0615,0615,1045,7660,㈱トランスメイト　　,    ,20,6,2,4,47,012,00,1530,1215,1215,1615,7660,㈱トランスメイト　　,    ,
20231226,0,020362,ベイコート芝浦　　　　　　　　　　　　　　　　　　,03-5443-0850    ,24,10,1,1,34,003,00,0255,2230,2230,0330,7660,㈱トランスメイト　　,    ,25,10,2,4,11,010,00,0950,0530,0530,1015,7660,㈱トランスメイト　　,    ,2,8,2,6,44,018,00,1550,1145,1145,1615,7660,㈱トランスメイト　　,    ,
20231226,0,021479,Ｌ　赤坂９丁目　　　　　　　　　　　　　　　　　　,03-5411-4431    ,2,9,2,6,48,014,00,0025,2000,2000,0100,7660,㈱トランスメイト　　,    ,7,7,2,5,45,012,00,0845,0430,0430,0945,7660,㈱トランスメイト　　,    ,3,7,2,6,32,017,00,1530,1145,1145,1700,7660,㈱トランスメイト　　,    ,
20231226,0,024101,勝島１丁目　　　　　　　　　　　　　　　　　　　　,03-3768-0736    ,14,2,2,6,30,014,00,2310,2130,2130,0230,7660,㈱トランスメイト　　,    ,28,4,1,2,31,006,00,0830,0615,0615,1030,7660,㈱トランスメイト　　,    ,28,6,1,3,30,003,00,1640,1315,1315,1730,7660,㈱トランスメイト　　,    ,
20231226,0,025187,東大井５丁目　　　　　　　　　　　　　　　　　　　,03-3450-6140    ,22,2,1,3,7,005,00,0005,2230,2230,0315,7660,㈱トランスメイト　　,    ,29,6,1,2,18,005,00,0905,0615,0615,1030,7660,㈱トランスメイト　　,    ,29,7,1,3,16,002,00,1615,1300,1300,1745,7660,㈱トランスメイト　　,    ,
20231226,0,028240,Ｌ＿大田西嶺町　　　　　　　　　　　　　　　　　　,03-3757-1557    ,10,5,1,2,29,006,00,2320,2015,2015,0130,7660,㈱トランスメイト　　,    ,16,5,1,1,38,003,00,0815,0515,0515,1015,7660,㈱トランスメイト　　,    ,10,7,2,5,35,010,00,1530,1145,1145,1615,7660,㈱トランスメイト　　,    ,
20231226,0,028984,東糀谷３丁目　　　　　　　　　　　　　　　　　　　,03-3744-6150    ,13,6,1,1,6,003,00,0115,2200,2200,0315,7660,㈱トランスメイト　　,    ,24,9,2,4,37,011,00,0935,0545,0545,1030,7660,㈱トランスメイト　　,    ,22,4,3,7,10,010,00,1535,1315,1315,1730,7660,㈱トランスメイト　　,    ,
20231226,0,029328,勝どき４丁目　　　　　　　　　　　　　　　　　　　,03-3532-4170    ,6,2,2,5,35,010,00,2230,2000,2000,0100,7660,㈱トランスメイト　　,    ,8,4,2,5,10,011,00,0735,0430,0430,0945,7660,㈱トランスメイト　　,    ,5,5,2,6,8,015,00,1455,1145,1145,1630,7660,㈱トランスメイト　　,    ,
20231226,0,029512,Ｌ　芝大門２丁目　　　　　　　　　　　　　　　　　,03-3432-9550    ,12,7,1,1,14,004,00,0050,2130,2130,0215,7660,㈱トランスメイト　　,    ,10,5,2,4,6,009,00,0810,0430,0430,0930,7660,㈱トランスメイト　　,    ,4,4,2,6,18,016,00,1430,1145,1145,1645,7660,㈱トランスメイト　　,    ,
20231226,0,031147,Ｌ　大崎　　　　　　　　　　　　　　　　　　　　　,03-5487-2626    ,8,2,1,2,38,008,00,2215,2000,2000,0100,7660,㈱トランスメイト　　,    ,32,2,1,1,7,002,00,0740,0545,0545,1045,7660,㈱トランスメイト　　,    ,12,1,1,2,31,019,00,1330,1145,1145,1645,7660,㈱トランスメイト　　,    ,
20231226,0,032388,芝浦４丁目　　　　　　　　　　　　　　　　　　　　,03-3455-6120    ,4,3,2,6,19,012,00,2255,2000,2000,0115,7660,㈱トランスメイト　　,    ,25,8,2,4,13,010,00,0915,0530,0530,1015,7660,㈱トランスメイト　　,    ,24,5,2,4,7,007,00,1540,1300,1300,1730,7660,㈱トランスメイト　　,    ,
20231226,0,032750,Ｌ　柿の木坂　　　　　　　　　　　　　　　　　　　,03-3794-6665    ,18,3,2,4,5,010,00,0025,2215,2215,0300,7660,㈱トランスメイト　　,    ,12,1,1,3,20,007,00,0630,0445,0445,0930,7660,㈱トランスメイト　　,    ,9,10,2,5,12,011,00,1620,1145,1145,1645,7660,㈱トランスメイト　　,    ,
20231226,0,033502,芝浦工大前　　　　　　　　　　　　　　　　　　　　,03-3452-0544    ,24,9,1,1,33,003,00,0240,2230,2230,0330,7660,㈱トランスメイト　　,    ,13,7,1,3,3,006,00,0825,0500,0500,0945,7660,㈱トランスメイト　　,    ,24,9,2,4,3,007,00,1650,1300,1300,1730,7660,㈱トランスメイト　　,    ,
20231226,0,033548,芝大門　　　　　　　　　　　　　　　　　　　　　　,03-3434-4177    ,0,0,0,0,0,000,00,0000,0000,0000,0000,0000,　　　　　　　　　　,    ,0,0,0,0,0,000,00,0000,0000,0000,0000,0000,　　　　　　　　　　,    ,0,0,0,0,0,000,00,0000,0000,0000,0000,0000,　　　　　　　　　　,    ,
20231226,0,033844,Ｌ＿羽田４丁目　　　　　　　　　　　　　　　　　　,03-3744-5055    ,15,6,2,4,42,013,00,0125,2215,2215,0315,7660,㈱トランスメイト　　,    ,9,5,2,4,42,010,00,0745,0445,0445,0915,7660,㈱トランスメイト　　,    ,25,1,2,4,1,006,00,1420,1300,1300,1745,7660,㈱トランスメイト　　,    ,
20231226,0,034080,Ｌ＿大井　　　　　　　　　　　　　　　　　　　　　,03-3775-7870    ,22,5,1,3,4,005,00,0105,2230,2230,0315,7660,㈱トランスメイト　　,    ,29,8,1,2,16,005,00,0945,0615,0615,1030,7660,㈱トランスメイト　　,    ,29,10,1,3,13,002,00,1700,1300,1300,1745,7660,㈱トランスメイト　　,    ,
20231226,0,034772,Ｌ＿戸越４丁目　　　　　　　　　　　　　　　　　　,03-3783-5395    ,17,6,2,4,13,011,00,0110,2200,2200,0330,7660,㈱トランスメイト　　,    ,11,3,2,4,1,008,00,0715,0430,0430,0915,7660,㈱トランスメイト　　,    ,26,5,1,3,39,005,00,1605,1300,1300,1745,7660,㈱トランスメイト　　,    ,
20231226,0,035352,勝どき２丁目　　　　　　　　　　　　　　　　　　　,03-3532-3963    ,6,4,2,5,37,010,00,2310,2000,2000,0100,7660,㈱トランスメイト　　,    ,8,3,2,5,11,011,00,0715,0430,0430,0945,7660,㈱トランスメイト　　,    ,5,8,2,6,5,015,00,1605,1145,1145,1630,7660,㈱トランスメイト　　,    ,
20231226,0,035613,Ｌ＿大森南２丁目　　　　　　　　　　　　　　　　　,03-3745-5142    ,15,3,2,5,18,013,00,0025,2215,2215,0315,7660,㈱トランスメイト　　,    ,24,7,2,4,35,011,00,0855,0545,0545,1030,7660,㈱トランスメイト　　,    ,15,9,1,2,9,005,00,1605,1145,1145,1630,7660,㈱トランスメイト　　,    ,
20231226,0,037931,Ｌ　穴守稲荷　　　　　　　　　　　　　　　　　　　,03-3745-6030    ,15,7,2,4,46,013,00,0145,2215,2215,0315,7660,㈱トランスメイト　　,    ,9,3,2,4,40,010,00,0700,0445,0445,0915,7660,㈱トランスメイト　　,    ,25,2,1,3,43,006,00,1440,1300,1300,1745,7660,㈱トランスメイト　　,    ,
20231226,0,064514,東新橋１丁目　　　　　　　　　　　　　　　　　　　,03-3573-7228    ,0,0,0,0,0,000,00,0000,0000,0000,0000,0000,　　　　　　　　　　,    ,0,0,0,0,0,000,00,0000,0000,0000,0000,0000,　　　　　　　　　　,    ,0,0,0,0,0,000,00,0000,0000,0000,0000,0000,　　　　　　　　　　,    ,
20231226,0,064833,Ｌ　白金台２丁目　　　　　　　　　　　　　　　　　,03-5422-7242    ,24,1,1,1,23,003,00,0010,2230,2230,0330,7660,㈱トランスメイト　　,    ,31,2,1,1,22,003,00,0805,0615,0615,1045,7660,㈱トランスメイト　　,    ,23,2,2,4,18,008,00,1430,1245,1245,1730,7660,㈱トランスメイト　　,    ,
20231226,0,064840,Ｌ＿北品川１丁目　　　　　　　　　　　　　　　　　,03-5463-9030    ,21,3,1,3,15,006,00,0030,2230,2230,0245,7660,㈱トランスメイト　　,    ,22,2,2,5,32,013,00,0815,0545,0545,1030,7660,㈱トランスメイト　　,    ,11,4,1,2,47,009,00,1435,1200,1200,1615,7660,㈱トランスメイト　　,    ,
20231226,0,071939,Ｌ＿古川橋　　　　　　　　　　　　　　　　　　　　,03-3452-3963    ,5,7,2,5,7,011,00,0000,2000,2000,0115,7660,㈱トランスメイト　　,    ,31,6,1,1,29,003,00,0935,0615,0615,1045,7660,㈱トランスメイト　　,    ,17,1,1,1,25,003,00,1330,1200,1200,1630,7660,㈱トランスメイト　　,    ,
20231226,0,072407,西五反田　　　　　　　　　　　　　　　　　　　　　,03-3490-4128    ,8,9,1,2,45,008,00,0035,2000,2000,0100,7660,㈱トランスメイト　　,    ,21,4,2,6,15,014,00,0815,0530,0530,1030,7660,㈱トランスメイト　　,    ,12,8,1,2,40,019,00,1545,1145,1145,1645,7660,㈱トランスメイト　　,    ,
20231226,0,075742,赤坂６丁目　　　　　　　　　　　　　　　　　　　　,03-3583-4751    ,2,7,2,6,46,014,00,2355,2000,2000,0100,7660,㈱トランスメイト　　,    ,7,5,2,5,43,012,00,0810,0430,0430,0945,7660,㈱トランスメイト　　,    ,3,5,2,6,30,017,00,1450,1145,1145,1700,7660,㈱トランスメイト　　,    ,
20231226,0,075966,品川駅港南口　　　　　　　　　　　　　　　　　　　,03-5479-8089    ,1,2,2,5,43,015,00,2230,2000,2000,0100,7660,㈱トランスメイト　　,    ,13,2,1,3,8,006,00,0655,0500,0500,0945,7660,㈱トランスメイト　　,    ,30,6,1,3,7,001,00,1610,1315,1315,1745,7660,㈱トランスメイト　　,    ,
20231226,0,094120,西五反田２丁目　　　　　　　　　　　　　　　　　　,03-3494-6860    ,8,8,1,2,44,008,00,0020,2000,2000,0100,7660,㈱トランスメイト　　,    ,21,3,2,6,16,014,00,0755,0530,0530,1030,7660,㈱トランスメイト　　,    ,12,7,1,2,39,019,00,1530,1145,1145,1645,7660,㈱トランスメイト　　,    ,
20231226,0,094863,Ｌ＿目黒中町１丁目　　　　　　　　　　　　　　　　,03-3713-2196    ,18,6,2,4,2,010,00,0125,2215,2215,0300,7660,㈱トランスメイト　　,    ,12,2,1,3,19,007,00,0645,0445,0445,0930,7660,㈱トランスメイト　　,    ,9,3,2,5,19,011,00,1410,1145,1145,1645,7660,㈱トランスメイト　　,    ,
20231226,0,100262,Ｌ＿高輪　　　　　　　　　　　　　　　　　　　　　,03-3441-8605    ,24,3,1,1,25,003,00,0050,2230,2230,0330,7660,㈱トランスメイト　　,    ,18,1,1,1,15,001,00,0715,0545,0545,1100,7660,㈱トランスメイト　　,    ,2,1,2,6,37,018,00,1330,1145,1145,1615,7660,㈱トランスメイト　　,    ,
20231226,0,100747,二葉　　　　　　　　　　　　　　　　　　　　　　　,03-3787-6096    ,17,4,2,4,15,011,00,0025,2200,2200,0330,7660,㈱トランスメイト　　,    ,11,5,1,3,45,008,00,0755,0430,0430,0915,7660,㈱トランスメイト　　,    ,26,1,1,3,38,005,00,1430,1300,1300,1745,7660,㈱トランスメイト　　,    ,
20231226,0,102025,Ｌ　西品川　　　　　　　　　　　　　　　　　　　　,03-3779-9103    ,7,3,2,5,31,009,00,2305,2000,2000,0100,7660,㈱トランスメイト　　,    ,17,3,1,1,18,002,00,0740,0515,0515,1015,7660,㈱トランスメイト　　,    ,16,2,1,1,32,004,00,1425,1145,1145,1700,7660,㈱トランスメイト　　,    ,
20231226,0,103355,大森海岸駅前　　　　　　　　　　　　　　　　　　　,03-3763-2994    ,22,8,1,3,1,005,00,0200,2230,2230,0315,7660,㈱トランスメイト　　,    ,3,3,2,6,3,016,00,0825,0415,0415,0915,7660,㈱トランスメイト　　,    ,27,6,1,3,35,004,00,1645,1330,1330,1730,7660,㈱トランスメイト　　,    ,
20231226,0,105035,Ｌ　金杉橋　　　　　　　　　　　　　　　　　　　　,03-3452-4860    ,12,2,1,1,19,004,00,2325,2130,2130,0215,7660,㈱トランスメイト　　,    ,25,2,2,4,19,010,00,0725,0530,0530,1015,7660,㈱トランスメイト　　,    ,4,1,2,6,21,016,00,1330,1145,1145,1645,7660,㈱トランスメイト　　,    ,
20231226,0,106193,ＬＰ＿田園調布南　　　　　　　　　　　　　　　　　,03-3750-1316    ,10,6,1,2,31,006,00,2345,2015,2015,0130,7660,㈱トランスメイト　　,    ,16,6,1,1,39,003,00,0840,0515,0515,1015,7660,㈱トランスメイト　　,    ,10,8,2,5,36,010,00,1550,1145,1145,1615,7660,㈱トランスメイト　　,    ,
20231226,0,108418,東大井６丁目　　　　　　　　　　　　　　　　　　　,03-3765-9909    ,22,1,1,3,8,005,00,2350,2230,2230,0315,7660,㈱トランスメイト　　,    ,29,7,1,2,17,005,00,0925,0615,0615,1030,7660,㈱トランスメイト　　,    ,29,3,1,3,20,002,00,1500,1300,1300,1745,7660,㈱トランスメイト　　,    ,
20231226,0,108743,Ｌ＿南蒲田２丁目　　　　　　　　　　　　　　　　　,03-3734-5665    ,15,9,2,4,48,013,00,0230,2215,2215,0315,7660,㈱トランスメイト　　,    ,9,6,2,4,46,010,00,0810,0445,0445,0915,7660,㈱トランスメイト　　,    ,15,2,1,2,16,005,00,1350,1145,1145,1630,7660,㈱トランスメイト　　,    ,
20231226,0,109760,目黒中央町２丁目　　　　　　　　　　　　　　　　　,03-3792-6206    ,18,5,2,4,3,010,00,0105,2215,2215,0300,7660,㈱トランスメイト　　,    ,12,6,1,3,15,007,00,0810,0445,0445,0930,7660,㈱トランスメイト　　,    ,9,2,2,5,20,011,00,1350,1145,1145,1645,7660,㈱トランスメイト　　,    ,
20231226,0,110421,不動前　　　　　　　　　　　　　　　　　　　　　　,03-3779-8455    ,19,5,1,3,40,008,00,0105,2215,2215,0315,7660,㈱トランスメイト　　,    ,21,8,2,6,11,014,00,0940,0530,0530,1030,7660,㈱トランスメイト　　,    ,12,9,1,2,41,019,00,1605,1145,1145,1645,7660,㈱トランスメイト　　,    ,
20231226,0,111024,ＬＰ＿大森西６丁目　　　　　　　　　　　　　　　　,03-3298-8550    ,9,3,1,2,9,007,00,2240,2015,2015,0115,7660,㈱トランスメイト　　,    ,28,6,1,2,33,006,00,0920,0615,0615,1030,7660,㈱トランスメイト　　,    ,15,3,1,2,15,005,00,1405,1145,1145,1630,7660,㈱トランスメイト　　,    ,
20231226,0,112800,港南３丁目　　　　　　　　　　　　　　　　　　　　,03-3472-3496    ,1,6,2,5,47,015,00,2345,2000,2000,0100,7660,㈱トランスメイト　　,    ,22,3,2,5,33,013,00,0835,0545,0545,1030,7660,㈱トランスメイト　　,    ,30,2,1,3,11,001,00,1455,1315,1315,1745,7660,㈱トランスメイト　　,    ,
20231226,0,112970,大井町駅前　　　　　　　　　　　　　　　　　　　　,03-6712-1414    ,17,2,2,4,17,011,00,2350,2200,2200,0330,7660,㈱トランスメイト　　,    ,11,7,1,3,47,008,00,0840,0430,0430,0915,7660,㈱トランスメイト　　,    ,29,4,1,3,19,002,00,1525,1300,1300,1745,7660,㈱トランスメイト　　,    ,
20231226,0,116257,田町駅三田口　　　　　　　　　　　　　　　　　　　,03-3451-6116    ,24,6,1,1,29,003,00,0145,2230,2230,0330,7660,㈱トランスメイト　　,    ,25,4,2,4,17,010,00,0800,0530,0530,1015,7660,㈱トランスメイト　　,    ,24,6,2,4,6,007,00,1600,1300,1300,1730,7660,㈱トランスメイト　　,    ,
20231226,0,130174,アートヴィレッジ大崎　　　　　　　　　　　　　　　,03-5435-2145    ,99,4,3,7,9,999,00,0215,0000,0000,0430,7660,㈱トランスメイト　　,    ,21,2,2,6,17,014,00,0725,0530,0530,1030,7660,㈱トランスメイト　　,    ,28,1,1,3,27,003,00,1445,1315,1315,1730,7660,㈱トランスメイト　　,    ,
20231226,0,130330,Ｌ＿大井３丁目　　　　　　　　　　　　　　　　　　,03-5742-0720    ,22,4,1,3,5,005,00,0045,2230,2230,0315,7660,㈱トランスメイト　　,    ,29,9,1,2,15,005,00,1000,0615,0615,1030,7660,㈱トランスメイト　　,    ,29,9,1,3,14,002,00,1645,1300,1300,1745,7660,㈱トランスメイト　　,    ,
20231226,0,130346,Ｌ　東大井２丁目　　　　　　　　　　　　　　　　　,03-5753-2240    ,14,5,2,6,33,014,00,0015,2130,2130,0230,7660,㈱トランスメイト　　,    ,30,3,1,2,12,004,00,0810,0615,0615,1045,7660,㈱トランスメイト　　,    ,14,1,1,2,25,006,00,1330,1145,1145,1700,7660,㈱トランスメイト　　,    ,
20231226,0,130352,フジテレビ　　　　　　　　　　　　　　　　　　　　,03-5564-5270    ,23,8,1,2,14,004,00,0200,2215,2215,0330,7660,㈱トランスメイト　　,    ,26,6,1,3,42,008,00,0935,0630,0630,1100,7660,㈱トランスメイト　　,    ,19,5,1,1,4,001,00,1515,1200,1200,1615,7660,㈱トランスメイト　　,    ,
20231226,0,130688,Ｌ　南馬込５丁目　　　　　　　　　　　　　　　　　,03-3771-1321    ,10,2,1,2,22,006,00,2220,2015,2015,0130,7660,㈱トランスメイト　　,    ,16,2,1,1,34,003,00,0705,0515,0515,1015,7660,㈱トランスメイト　　,    ,10,4,2,5,32,010,00,1430,1145,1145,1615,7660,㈱トランスメイト　　,    ,
20231226,0,130777,羽田ノース　　　　　　　　　　　　　　　　　　　　,03-5708-7313    ,99,2,3,7,11,999,00,0205,0000,0000,0430,7660,㈱トランスメイト　　,    ,2,2,2,6,48,017,00,0645,0415,0415,0900,7660,㈱トランスメイト　　,    ,1,3,2,6,48,008,00,1500,1200,1200,1630,7660,㈱トランスメイト　　,    ,
20231226,0,130783,Ｌ＿新橋５丁目　　　　　　　　　　　　　　　　　　,03-5401-2570    ,3,2,2,6,12,013,00,2220,2000,2000,0115,7660,㈱トランスメイト　　,    ,19,5,3,7,5,016,00,0830,0545,0545,1015,7660,㈱トランスメイト　　,    ,7,1,2,6,4,013,00,1330,1145,1145,1700,7660,㈱トランスメイト　　,    ,
20231226,0,130932,テクノポートカマタ　　　　　　　　　　　　　　　　,03-5710-5171    ,9,8,1,2,4,007,00,0010,2015,2015,0115,7660,㈱トランスメイト　　,    ,9,7,2,4,47,010,00,0830,0445,0445,0915,7660,㈱トランスメイト　　,    ,25,3,1,3,44,006,00,1505,1300,1300,1745,7660,㈱トランスメイト　　,    ,
20231226,0,130990,Ｌ＿六本木３丁目　　　　　　　　　　　　　　　　　,03-5545-6830    ,16,8,2,4,39,012,00,0300,2215,2215,0330,7660,㈱トランスメイト　　,    ,6,5,2,6,6,013,00,0805,0415,0415,0915,7660,㈱トランスメイト　　,    ,3,8,2,6,33,017,00,1550,1145,1145,1700,7660,㈱トランスメイト　　,    ,
20231226,0,137101,Ｌ＿東蒲田２丁目　　　　　　　　　　　　　　　　　,03-5703-8855    ,9,4,1,2,8,007,00,2255,2015,2015,0115,7660,㈱トランスメイト　　,    ,28,7,1,2,35,006,00,0940,0615,0615,1030,7660,㈱トランスメイト　　,    ,22,1,3,7,12,010,00,1430,1315,1315,1730,7660,㈱トランスメイト　　,    ,
20231226,0,137124,Ｌ　芝公園駅前　　　　　　　　　　　　　　　　　　,03-5232-1400    ,0,0,0,0,0,000,00,0000,0000,0000,0000,0000,　　　　　　　　　　,    ,0,0,0,0,0,000,00,0000,0000,0000,0000,0000,　　　　　　　　　　,    ,0,0,0,0,0,000,00,0000,0000,0000,0000,0000,　　　　　　　　　　,    ,
20231226,0,137130,Ｌ　芝公園南　　　　　　　　　　　　　　　　　　　,03-3455-3280    ,12,4,1,1,17,004,00,0000,2130,2130,0215,7660,㈱トランスメイト　　,    ,31,5,1,1,27,003,00,0915,0615,0615,1045,7660,㈱トランスメイト　　,    ,4,3,2,6,19,016,00,1410,1145,1145,1645,7660,㈱トランスメイト　　,    ,
20231226,0,137182,大森駅西口　　　　　　　　　　　　　　　　　　　　,03-5709-5775    ,18,9,1,3,48,010,00,0225,2215,2215,0300,7660,㈱トランスメイト　　,    ,14,2,1,2,39,005,00,0655,0515,0515,1015,7660,㈱トランスメイト　　,    ,14,4,1,2,29,006,00,1425,1145,1145,1700,7660,㈱トランスメイト　　,    ,
20231226,0,137377,ゲートシティ大崎　　　　　　　　　　　　　　　　　,03-5437-3963    ,8,1,1,1,1,008,00,2140,2000,2000,0100,7660,㈱トランスメイト　　,    ,21,1,1,1,1,014,00,0700,0530,0530,1030,7660,㈱トランスメイト　　,    ,28,2,1,1,1,003,00,1510,1315,1315,1730,7660,㈱トランスメイト　　,    ,
20231226,0,137549,虎ノ門駅南　　　　　　　　　　　　　　　　　　　　,03-3503-0226    ,3,4,2,6,10,013,00,2300,2000,2000,0115,7660,㈱トランスメイト　　,    ,19,3,3,7,7,016,00,0750,0545,0545,1015,7660,㈱トランスメイト　　,    ,7,6,2,5,44,013,00,1515,1145,1145,1700,7660,㈱トランスメイト　　,    ,
20231226,0,137696,平和島駅前　　　　　　　　　　　　　　　　　　　　,03-3762-6110    ,22,10,1,2,48,005,00,0240,2230,2230,0315,7660,㈱トランスメイト　　,    ,14,1,1,2,38,005,00,0630,0515,0515,1015,7660,㈱トランスメイト　　,    ,14,3,1,2,28,006,00,1405,1145,1145,1700,7660,㈱トランスメイト　　,    ,
20231226,0,137733,Ｌ有明コロシアム前　　　　　　　　　　　　　　　　,03-3529-5544    ,23,5,1,2,17,004,00,0055,2215,2215,0330,7660,㈱トランスメイト　　,    ,20,3,3,7,10,015,00,0755,0545,0545,1030,7660,㈱トランスメイト　　,    ,18,4,1,1,15,002,00,1430,1200,1200,1715,7660,㈱トランスメイト　　,    ,
20231226,0,137785,Ｌ＿南品川６丁目　　　　　　　　　　　　　　　　　,03-3471-8510    ,7,6,2,5,15,009,00,0020,2000,2000,0100,7660,㈱トランスメイト　　,    ,17,1,1,1,20,002,00,0645,0515,0515,1015,7660,㈱トランスメイト　　,    ,16,5,1,1,36,004,00,1540,1145,1145,1700,7660,㈱トランスメイト　　,    ,
20231226,0,141700,Ｌ＿仲池上１丁目　　　　　　　　　　　　　　　　　,03-3753-3759    ,10,3,1,2,27,006,00,2240,2015,2015,0130,7660,㈱トランスメイト　　,    ,16,3,1,1,35,003,00,0730,0515,0515,1015,7660,㈱トランスメイト　　,    ,10,5,2,5,33,010,00,1450,1145,1145,1615,7660,㈱トランスメイト　　,    ,
20231226,0,143018,品川駅中央口　　　　　　　　　　　　　　　　　　　,03-5463-1836    ,1,3,2,5,44,015,00,2250,2000,2000,0100,7660,㈱トランスメイト　　,    ,13,3,1,3,7,006,00,0710,0500,0500,0945,7660,㈱トランスメイト　　,    ,30,8,1,3,5,001,00,1640,1315,1315,1745,7660,㈱トランスメイト　　,    ,
20231226,0,143194,東京流通センター　　　　　　　　　　　　　　　　　,03-3767-2360    ,20,10,1,3,19,007,00,0235,2215,2215,0315,7660,㈱トランスメイト　　,    ,14,4,1,2,41,005,00,0740,0515,0515,1015,7660,㈱トランスメイト　　,    ,21,6,3,7,2,011,00,1610,1300,1300,1730,7660,㈱トランスメイト　　,    ,
20231226,0,143219,Ｌ晴海トリトンスクエア　　　　　　　　　　　　　　,03-5144-8231    ,6,1,2,5,34,010,00,2200,2000,2000,0100,7660,㈱トランスメイト　　,    ,8,2,2,5,12,011,00,0650,0430,0430,0945,7660,㈱トランスメイト　　,    ,5,7,2,6,6,015,00,1540,1145,1145,1630,7660,㈱トランスメイト　　,    ,
20231226,0,143320,八潮３丁目　　　　　　　　　　　　　　　　　　　　,03-3799-2181    ,21,9,1,3,9,006,00,0230,2230,2230,0245,7660,㈱トランスメイト　　,    ,30,8,1,2,7,004,00,1000,0615,0615,1045,7660,㈱トランスメイト　　,    ,20,7,2,4,48,012,00,1550,1215,1215,1615,7660,㈱トランスメイト　　,    ,
20231226,0,143372,Ｌ　オーバルコート大崎　　　　　　　　　　　　　　,03-5420-1551    ,0,0,0,0,0,000,00,0000,0000,0000,0000,0000,　　　　　　　　　　,    ,0,0,0,0,0,000,00,0000,0000,0000,0000,0000,　　　　　　　　　　,    ,0,0,0,0,0,000,00,0000,0000,0000,0000,0000,　　　　　　　　　　,    ,
20231226,0,143490,芝３丁目　　　　　　　　　　　　　　　　　　　　　,03-5442-3209    ,12,3,1,1,18,004,00,2340,2130,2130,0215,7660,㈱トランスメイト　　,    ,25,3,2,4,18,010,00,0740,0530,0530,1015,7660,㈱トランスメイト　　,    ,4,2,2,6,20,016,00,1350,1145,1145,1645,7660,㈱トランスメイト　　,    ,
20231226,0,143573,Ｌ　芝５丁目　　　　　　　　　　　　　　　　　　　,03-5765-2430    ,24,7,1,1,30,003,00,0200,2230,2230,0330,7660,㈱トランスメイト　　,    ,25,5,2,4,16,010,00,0810,0530,0530,1015,7660,㈱トランスメイト　　,    ,24,7,2,4,5,007,00,1615,1300,1300,1730,7660,㈱トランスメイト　　,    ,
20231226,0,143679,Ｌ＿駒場１丁目　　　　　　　　　　　　　　　　　　,03-6804-7881    ,7,1,2,5,29,009,00,2200,2000,2000,0100,7660,㈱トランスメイト　　,    ,17,5,1,1,16,002,00,0850,0515,0515,1015,7660,㈱トランスメイト　　,    ,16,1,1,1,31,004,00,1335,1145,1145,1700,7660,㈱トランスメイト　　,    ,
20231226,0,143751,下目黒１丁目　　　　　　　　　　　　　　　　　　　,03-3494-6088    ,19,4,1,3,39,008,00,0045,2215,2215,0315,7660,㈱トランスメイト　　,    ,12,9,1,3,12,007,00,0905,0445,0445,0930,7660,㈱トランスメイト　　,    ,9,7,2,5,15,011,00,1525,1145,1145,1645,7660,㈱トランスメイト　　,    ,
20231226,0,143857,Ｌ　田町駅東口　　　　　　　　　　　　　　　　　　,03-3454-5323    ,24,8,1,1,31,003,00,0220,2230,2230,0330,7660,㈱トランスメイト　　,    ,13,6,1,3,4,006,00,0810,0500,0500,0945,7660,㈱トランスメイト　　,    ,24,8,2,4,4,007,00,1635,1300,1300,1730,7660,㈱トランスメイト　　,    ,
20231226,0,143892,品川グランパサージュ　　　　　　　　　　　　　　　,03-6718-1725    ,99,9,3,7,4,999,00,0250,0000,0000,0430,7660,㈱トランスメイト　　,    ,13,1,1,3,9,006,00,0630,0500,0500,0945,7660,㈱トランスメイト　　,    ,30,9,1,3,4,001,00,1700,1315,1315,1745,7660,㈱トランスメイト　　,    ,
20231226,0,145520,西鉄イン蒲田　　　　　　　　　　　　　　　　　　　,03-5714-0417    ,0,0,0,0,0,000,00,0000,0000,0000,0000,0000,　　　　　　　　　　,    ,0,0,0,0,0,000,00,0000,0000,0000,0000,0000,　　　　　　　　　　,    ,0,0,0,0,0,000,00,0000,0000,0000,0000,0000,　　　　　　　　　　,    ,
20231226,0,153710,Ｌ　新馬場南口　　　　　　　　　　　　　　　　　　,03-6433-1664    ,21,7,1,3,11,006,00,0150,2230,2230,0245,7660,㈱トランスメイト　　,    ,30,2,1,2,13,004,00,0750,0615,0615,1045,7660,㈱トランスメイト　　,    ,11,6,1,3,2,009,00,1515,1200,1200,1615,7660,㈱トランスメイト　　,    ,
20231226,0,155079,Ｌ＿目黒洗足駅前　　　　　　　　　　　　　　　　　,03-5702-8122    ,0,0,0,0,0,000,00,0000,0000,0000,0000,0000,　　　　　　　　　　,    ,0,0,0,0,0,000,00,0000,0000,0000,0000,0000,　　　　　　　　　　,    ,0,0,0,0,0,000,00,0000,0000,0000,0000,0000,　　　　　　　　　　,    ,
20231226,0,155116,Ｌ　芝浦２丁目　　　　　　　　　　　　　　　　　　,03-3798-8333    ,12,9,1,1,12,004,00,0130,2130,2130,0215,7660,㈱トランスメイト　　,    ,25,7,2,4,14,010,00,0855,0530,0530,1015,7660,㈱トランスメイト　　,    ,24,3,2,4,9,007,00,1500,1300,1300,1730,7660,㈱トランスメイト　　,    ,
20231226,0,155122,新橋１丁目　　　　　　　　　　　　　　　　　　　　,03-3504-8805    ,3,8,2,6,6,013,00,0010,2000,2000,0115,7660,㈱トランスメイト　　,    ,19,1,3,7,9,016,00,0715,0545,0545,1015,7660,㈱トランスメイト　　,    ,7,9,2,5,47,013,00,1610,1145,1145,1700,7660,㈱トランスメイト　　,    ,
20231226,0,155464,新田町ビル　　　　　　　　　　　　　　　　　　　　,03-3452-4541    ,99,14,2,6,27,999,00,0320,0000,0000,0430,7660,㈱トランスメイト　　,    ,5,1,2,6,25,014,00,0700,0500,0500,0945,7660,㈱トランスメイト　　,    ,6,1,2,4,29,014,00,1330,1145,1145,1615,7660,㈱トランスメイト　　,    ,
20231226,0,155501,御成門駅前　　　　　　　　　　　　　　　　　　　　,03-3431-3236    ,3,9,2,6,5,013,00,0030,2000,2000,0115,7660,㈱トランスメイト　　,    ,19,6,3,7,4,016,00,0850,0545,0545,1015,7660,㈱トランスメイト　　,    ,3,10,2,6,35,017,00,1630,1145,1145,1700,7660,㈱トランスメイト　　,    ,
20231226,0,155613,虎ノ門琴平　　　　　　　　　　　　　　　　　　　　,03-3502-6368    ,3,5,2,6,9,013,00,2315,2000,2000,0115,7660,㈱トランスメイト　　,    ,10,1,2,4,10,009,00,0630,0430,0430,0930,7660,㈱トランスメイト　　,    ,7,7,2,5,45,013,00,1530,1145,1145,1700,7660,㈱トランスメイト　　,    ,
20231226,0,155659,新橋４丁目　　　　　　　　　　　　　　　　　　　　,03-3434-8380    ,3,1,2,6,13,013,00,2200,2000,2000,0115,7660,㈱トランスメイト　　,    ,19,4,3,7,6,016,00,0810,0545,0545,1015,7660,㈱トランスメイト　　,    ,7,8,2,5,46,013,00,1550,1145,1145,1700,7660,㈱トランスメイト　　,    ,
20231226,0,155671,Ｌ　ポートストア品川　　　　　　　　　　　　　　　,03-3472-5302    ,21,5,1,3,13,006,00,0110,2230,2230,0245,7660,㈱トランスメイト　　,    ,22,5,2,5,35,013,00,0910,0545,0545,1030,7660,㈱トランスメイト　　,    ,30,3,1,3,10,001,00,1515,1315,1315,1745,7660,㈱トランスメイト　　,    ,
20231226,0,155961,Ｌ＿大森本町１丁目　　　　　　　　　　　　　　　　,03-3766-8168    ,20,6,1,3,34,007,00,0115,2215,2215,0315,7660,㈱トランスメイト　　,    ,24,4,2,4,32,011,00,0755,0545,0545,1030,7660,㈱トランスメイト　　,    ,21,2,3,7,6,011,00,1425,1300,1300,1730,7660,㈱トランスメイト　　,    ,
20231226,0,155978,Ｌ＿白金高輪駅前　　　　　　　　　　　　　　　　　,03-3441-3963    ,5,6,2,5,8,011,00,2335,2000,2000,0115,7660,㈱トランスメイト　　,    ,31,3,1,1,25,003,00,0825,0615,0615,1045,7660,㈱トランスメイト　　,    ,23,3,2,4,17,008,00,1455,1245,1245,1730,7660,㈱トランスメイト　　,    ,
20231226,0,164061,武蔵新田駅前　　　　　　　　　　　　　　　　　　　,03-3759-0993    ,0,0,0,0,0,000,00,0000,0000,0000,0000,0000,　　　　　　　　　　,    ,0,0,0,0,0,000,00,0000,0000,0000,0000,0000,　　　　　　　　　　,    ,0,0,0,0,0,000,00,0000,0000,0000,0000,0000,　　　　　　　　　　,    ,
20231226,0,164173,Ｌ　東六郷２丁目　　　　　　　　　　　　　　　　　,03-3731-6552    ,9,10,1,2,2,007,00,0045,2015,2015,0115,7660,㈱トランスメイト　　,    ,27,8,1,3,36,007,00,0955,0615,0615,1030,7660,㈱トランスメイト　　,    ,25,5,1,3,45,006,00,1545,1300,1300,1745,7660,㈱トランスメイト　　,    ,
20231226,0,164262,西五反田高齢者複合施設　　　　　　　　　　　　　　,03-3494-8163    ,8,7,1,2,43,008,00,0000,2000,2000,0100,7660,㈱トランスメイト　　,    ,21,5,2,6,14,014,00,0835,0530,0530,1030,7660,㈱トランスメイト　　,    ,12,6,1,2,37,019,00,1510,1145,1145,1645,7660,㈱トランスメイト　　,    ,
20231226,0,164291,Ｌ＿羽田１丁目　　　　　　　　　　　　　　　　　　,03-5737-3239    ,15,5,2,4,41,013,00,0105,2215,2215,0315,7660,㈱トランスメイト　　,    ,9,4,2,4,41,010,00,0725,0445,0445,0915,7660,㈱トランスメイト　　,    ,15,1,1,2,17,005,00,1330,1145,1145,1630,7660,㈱トランスメイト　　,    ,
20231226,0,164612,Ｌ＿大森東５丁目　　　　　　　　　　　　　　　　　,03-3766-8440    ,15,1,2,5,20,013,00,2345,2215,2215,0315,7660,㈱トランスメイト　　,    ,24,5,2,4,33,011,00,0820,0545,0545,1030,7660,㈱トランスメイト　　,    ,15,7,1,2,11,005,00,1525,1145,1145,1630,7660,㈱トランスメイト　　,    ,
20231226,0,164776,Ｌ＿北馬込松原橋　　　　　　　　　　　　　　　　　,03-3775-2571    ,18,7,2,4,1,010,00,0145,2215,2215,0300,7660,㈱トランスメイト　　,    ,1,1,2,6,42,018,00,0630,0445,0445,0830,7660,㈱トランスメイト　　,    ,20,1,2,4,40,012,00,1345,1215,1215,1615,7660,㈱トランスメイト　　,    ,
20231226,0,164820,港南中央通り　　　　　　　　　　　　　　　　　　　,03-5463-6800    ,1,4,2,5,45,015,00,2305,2000,2000,0100,7660,㈱トランスメイト　　,    ,13,4,1,3,6,006,00,0725,0500,0500,0945,7660,㈱トランスメイト　　,    ,30,7,1,3,6,001,00,1625,1315,1315,1745,7660,㈱トランスメイト　　,    ,
20231226,0,164842,文化放送メディアプラス　　　　　　　　　　　　　　,03-5402-7057    ,12,6,1,1,15,004,00,0035,2130,2130,0215,7660,㈱トランスメイト　　,    ,25,1,2,4,20,010,00,0700,0530,0530,1015,7660,㈱トランスメイト　　,    ,4,6,2,6,16,016,00,1510,1145,1145,1645,7660,㈱トランスメイト　　,    ,
20231226,0,165008,品川シーサイドフォレスト　　　　　　　　　　　　　,03-5460-1833    ,4,2,2,6,20,012,00,2230,2000,2000,0115,7660,㈱トランスメイト　　,    ,32,1,1,1,8,002,00,0715,0545,0545,1045,7660,㈱トランスメイト　　,    ,28,4,1,3,28,003,00,1600,1315,1315,1730,7660,㈱トランスメイト　　,    ,
20231226,0,169331,Ｌ＿久が原１丁目　　　　　　　　　　　　　　　　　,03-5747-0363    ,0,0,0,0,0,000,00,0000,0000,0000,0000,0000,　　　　　　　　　　,    ,0,0,0,0,0,000,00,0000,0000,0000,0000,0000,　　　　　　　　　　,    ,0,0,0,0,0,000,00,0000,0000,0000,0000,0000,　　　　　　　　　　,    ,
20231226,0,177260,Ｌ＿Ｈ京急立会川駅前　　　　　　　　　　　　　　　,03-3764-8428    ,14,6,2,6,35,014,00,0035,2130,2130,0230,7660,㈱トランスメイト　　,    ,30,4,1,2,11,004,00,0825,0615,0615,1045,7660,㈱トランスメイト　　,    ,14,2,1,2,27,006,00,1345,1145,1145,1700,7660,㈱トランスメイト　　,    ,
20231226,0,177661,Ｈ月島４丁目　　　　　　　　　　　　　　　　　　　,03-3534-1739    ,6,7,2,5,40,010,00,0010,2000,2000,0100,7660,㈱トランスメイト　　,    ,8,6,2,5,8,011,00,0815,0430,0430,0945,7660,㈱トランスメイト　　,    ,5,3,2,6,10,015,00,1410,1145,1145,1630,7660,㈱トランスメイト　　,    ,
20231226,0,177690,Ｈ三田３丁目　　　　　　　　　　　　　　　　　　　,03-5232-5457    ,24,4,1,1,26,003,00,0110,2230,2230,0330,7660,㈱トランスメイト　　,    ,18,6,1,1,10,001,00,0925,0545,0545,1100,7660,㈱トランスメイト　　,    ,23,7,2,4,13,008,00,1630,1245,1245,1730,7660,㈱トランスメイト　　,    ,
20231226,0,177750,Ｈ芝浦シーバンス・ア・モール　　　　　　　　　　　,03-5440-6323    ,99,6,3,7,7,999,00,0230,0000,0000,0430,7660,㈱トランスメイト　　,    ,4,1,2,6,33,015,00,0630,0430,0430,0945,7660,㈱トランスメイト　　,    ,2,6,2,6,42,018,00,1510,1145,1145,1615,7660,㈱トランスメイト　　,    ,
20231226,0,177780,Ｈ月島勝どき　　　　　　　　　　　　　　　　　　　,03-3533-7203    ,6,8,2,5,41,010,00,0030,2000,2000,0100,7660,㈱トランスメイト　　,    ,8,7,2,5,7,011,00,0835,0430,0430,0945,7660,㈱トランスメイト　　,    ,5,4,2,6,9,015,00,1435,1145,1145,1630,7660,㈱トランスメイト　　,    ,
20231226,0,177810,Ｈ目黒２丁目　　　　　　　　　　　　　　　　　　　,03-3794-8035    ,19,2,1,3,37,008,00,0015,2215,2215,0315,7660,㈱トランスメイト　　,    ,12,7,1,3,14,007,00,0830,0445,0445,0930,7660,㈱トランスメイト　　,    ,9,5,2,5,17,011,00,1450,1145,1145,1645,7660,㈱トランスメイト　　,    ,
20231226,0,177840,Ｈ赤坂４丁目　　　　　　　　　　　　　　　　　　　,03-3505-1690    ,16,6,2,4,37,012,00,0205,2215,2215,0330,7660,㈱トランスメイト　　,    ,7,1,2,5,39,012,00,0630,0430,0430,0945,7660,㈱トランスメイト　　,    ,3,1,2,6,25,017,00,1330,1145,1145,1700,7660,㈱トランスメイト　　,    ,
20231226,0,177900,Ｈ品川インターシティ　　　　　　　　　　　　　　　,03-5461-1970    ,1,1,2,5,48,015,00,2145,2000,2000,0100,7660,㈱トランスメイト　　,    ,22,1,2,5,30,013,00,0710,0545,0545,1030,7660,㈱トランスメイト　　,    ,11,7,1,3,1,009,00,1545,1200,1200,1615,7660,㈱トランスメイト　　,    ,
20231226,0,177951,Ｈ蒲田アロマスクエア　　　　　　　　　　　　　　　,03-3739-5700    ,99,5,3,7,8,999,00,0225,0000,0000,0430,7660,㈱トランスメイト　　,    ,27,1,1,3,27,007,00,0715,0615,0615,1030,7660,㈱トランスメイト　　,    ,25,6,1,3,46,006,00,1610,1300,1300,1745,7660,㈱トランスメイト　　,    ,
20231226,0,178324,羽田サウス　　　　　　　　　　　　　　　　　　　　,03-5756-6800    ,99,1,3,7,12,999,00,0200,0000,0000,0430,7660,㈱トランスメイト　　,    ,2,1,2,6,47,017,00,0545,0415,0415,0900,7660,㈱トランスメイト　　,    ,1,2,2,6,47,008,00,1425,1200,1200,1630,7660,㈱トランスメイト　　,    ,
20231226,0,178353,目黒１丁目　　　　　　　　　　　　　　　　　　　　,03-3779-2550    ,19,3,1,3,38,008,00,0030,2215,2215,0315,7660,㈱トランスメイト　　,    ,12,8,1,3,13,007,00,0850,0445,0445,0930,7660,㈱トランスメイト　　,    ,9,6,2,5,16,011,00,1510,1145,1145,1645,7660,㈱トランスメイト　　,    ,
20231226,0,178420,Ｌ　Ｈ三田４丁目　　　　　　　　　　　　　　　　　,03-3441-0730    ,24,5,1,1,27,003,00,0125,2230,2230,0330,7660,㈱トランスメイト　　,    ,18,5,1,1,11,001,00,0905,0545,0545,1100,7660,㈱トランスメイト　　,    ,23,6,2,4,14,008,00,1610,1245,1245,1730,7660,㈱トランスメイト　　,    ,
20231226,0,178531,Ｈ東五反田　　　　　　　　　　　　　　　　　　　　,03-3445-0168    ,8,6,1,2,42,008,00,2340,2000,2000,0100,7660,㈱トランスメイト　　,    ,21,7,2,6,12,014,00,0920,0530,0530,1030,7660,㈱トランスメイト　　,    ,12,4,1,2,35,019,00,1430,1145,1145,1645,7660,㈱トランスメイト　　,    ,
20231226,0,178689,Ｌ＿三田１丁目　　　　　　　　　　　　　　　　　　,03-3452-3948    ,5,2,2,5,12,011,00,2220,2000,2000,0115,7660,㈱トランスメイト　　,    ,31,4,1,1,26,003,00,0855,0615,0615,1045,7660,㈱トランスメイト　　,    ,2,4,2,6,40,018,00,1425,1145,1145,1615,7660,㈱トランスメイト　　,    ,
20231226,0,178726,相鉄グランドフレッサ有明　　　　　　　　　　　　　,03-3527-6330    ,23,1,1,2,21,004,00,2345,2215,2215,0330,7660,㈱トランスメイト　　,    ,20,1,3,7,12,015,00,0715,0545,0545,1030,7660,㈱トランスメイト　　,    ,18,1,1,1,18,002,00,1330,1200,1200,1715,7660,㈱トランスメイト　　,    ,
20231226,0,178867,江東東雲１丁目　　　　　　　　　　　　　　　　　　,03-6219-5104    ,11,3,1,1,38,005,00,2335,2115,2115,0245,7660,㈱トランスメイト　　,    ,20,6,2,6,31,015,00,0905,0545,0545,1030,7660,㈱トランスメイト　　,    ,13,3,2,5,9,007,00,1415,1145,1145,1700,7660,㈱トランスメイト　　,    ,
20231226,0,193832,Ｌ　西麻布１丁目　　　　　　　　　　　　　　　　　,03-6447-1444    ,2,2,2,6,40,014,00,2220,2000,2000,0100,7660,㈱トランスメイト　　,    ,6,2,2,6,9,013,00,0650,0415,0415,0915,7660,㈱トランスメイト　　,    ,17,6,1,1,22,003,00,1515,1200,1200,1630,7660,㈱トランスメイト　　,    ,
20231226,0,193878,東雲駅前　　　　　　　　　　　　　　　　　　　　　,03-3527-6370    ,11,9,1,1,47,005,00,0145,2115,2115,0245,7660,㈱トランスメイト　　,    ,15,7,1,1,45,004,00,0910,0515,0515,1030,7660,㈱トランスメイト　　,    ,18,7,1,1,12,002,00,1535,1200,1200,1715,7660,㈱トランスメイト　　,    ,
20231226,0,193909,羽田空港第３ターミナル　　　　　　　　　　　　　　,03-5708-0108    ,13,9,1,1,3,003,00,0245,2200,2200,0315,7660,㈱トランスメイト　　,    ,3,2,2,6,1,016,00,0655,0415,0415,0915,7660,㈱トランスメイト　　,    ,22,6,3,7,8,010,00,1625,1315,1315,1730,7660,㈱トランスメイト　　,    ,
20231226,0,193967,大田中央７丁目　　　　　　　　　　　　　　　　　　,03-3755-4789    ,9,1,1,2,11,007,00,2200,2015,2015,0115,7660,㈱トランスメイト　　,    ,3,5,2,5,48,016,00,0905,0415,0415,0915,7660,㈱トランスメイト　　,    ,15,6,1,2,12,005,00,1505,1145,1145,1630,7660,㈱トランスメイト　　,    ,
20231226,0,198752,新橋日比谷通　　　　　　　　　　　　　　　　　　　,03-3504-3025    ,3,6,2,6,8,013,00,2340,2000,2000,0115,7660,㈱トランスメイト　　,    ,19,8,3,7,2,016,00,0925,0545,0545,1015,7660,㈱トランスメイト　　,    ,7,2,2,6,3,013,00,1350,1145,1145,1700,7660,㈱トランスメイト　　,    ,
20231226,0,198798,Ｌ＿東品川海岸通　　　　　　　　　　　　　　　　　,03-5462-8340    ,21,2,1,3,16,006,00,0010,2230,2230,0245,7660,㈱トランスメイト　　,    ,4,7,2,6,40,015,00,0915,0430,0430,0945,7660,㈱トランスメイト　　,    ,11,3,1,2,45,009,00,1410,1200,1200,1615,7660,㈱トランスメイト　　,    ,
20231226,0,198806,豊洲フロント　　　　　　　　　　　　　　　　　　　,03-3534-2131    ,99,16,2,6,25,999,00,0340,0000,0000,0430,7660,㈱トランスメイト　　,    ,15,1,1,2,6,004,00,0645,0515,0515,1030,7660,㈱トランスメイト　　,    ,13,6,2,5,3,007,00,1530,1145,1145,1700,7660,㈱トランスメイト　　,    ,
20231226,0,198893,羽田空港第二ターミナル　　　　　　　　　　　　　　,03-5756-2590    ,99,3,3,7,10,999,00,0210,0000,0000,0430,7660,㈱トランスメイト　　,    ,3,1,2,6,2,016,00,0545,0415,0415,0915,7660,㈱トランスメイト　　,    ,1,1,2,6,46,008,00,1340,1200,1200,1630,7660,㈱トランスメイト　　,    ,
20231226,0,198918,Ｌ＿千鳥１丁目　　　　　　　　　　　　　　　　　　,03-3753-5565    ,10,8,1,2,33,006,00,0025,2015,2015,0130,7660,㈱トランスメイト　　,    ,16,8,1,1,42,003,00,0925,0515,0515,1015,7660,㈱トランスメイト　　,    ,8,8,2,5,42,012,00,1550,1145,1145,1630,7660,㈱トランスメイト　　,    ,
20231226,0,198953,アクアシティお台場　　　　　　　　　　　　　　　　,03-5564-1227    ,23,7,1,2,15,004,00,0140,2215,2215,0330,7660,㈱トランスメイト　　,    ,26,5,1,3,41,008,00,0915,0630,0630,1100,7660,㈱トランスメイト　　,    ,19,4,1,1,5,001,00,1440,1200,1200,1615,7660,㈱トランスメイト　　,    ,
20231226,0,199119,Ｌｔ武蔵小山　　　　　　　　　　　　　　　　　　　,03-3787-2240    ,99,13,1,2,25,999,00,0310,0000,0000,0430,7660,㈱トランスメイト　　,    ,14,9,1,2,47,005,00,0945,0515,0515,1015,7660,㈱トランスメイト　　,    ,14,8,1,2,19,006,00,1550,1145,1145,1700,7660,㈱トランスメイト　　,    ,
20231226,0,199125,大田平和島　　　　　　　　　　　　　　　　　　　　,03-3298-7321    ,20,8,1,3,21,007,00,0155,2215,2215,0315,7660,㈱トランスメイト　　,    ,28,2,1,2,28,006,00,0755,0615,0615,1030,7660,㈱トランスメイト　　,    ,21,3,3,7,5,011,00,1445,1300,1300,1730,7660,㈱トランスメイト　　,    ,
20231226,0,199148,Ｌ＿西麻布４丁目　　　　　　　　　　　　　　　　　,03-3407-2363    ,2,1,2,6,39,014,00,2200,2000,2000,0100,7660,㈱トランスメイト　　,    ,6,1,2,6,10,013,00,0630,0415,0415,0915,7660,㈱トランスメイト　　,    ,17,5,1,1,23,003,00,1455,1200,1200,1630,7660,㈱トランスメイト　　,    ,
20231226,0,199208,Ｌ＿西品川三ツ木通　　　　　　　　　　　　　　　　,03-3781-1231    ,7,5,2,5,16,009,00,2355,2000,2000,0100,7660,㈱トランスメイト　　,    ,17,4,1,1,17,002,00,0810,0515,0515,1015,7660,㈱トランスメイト　　,    ,16,4,1,1,35,004,00,1515,1145,1145,1700,7660,㈱トランスメイト　　,    ,
20231226,0,201431,東雲１丁目　　　　　　　　　　　　　　　　　　　　,03-5546-0356    ,11,7,1,1,44,005,00,0110,2115,2115,0245,7660,㈱トランスメイト　　,    ,20,7,2,6,20,015,00,0925,0545,0545,1030,7660,㈱トランスメイト　　,    ,18,5,1,1,14,002,00,1455,1200,1200,1715,7660,㈱トランスメイト　　,    ,
20231226,0,201483,有明セントラルタワー　　　　　　　　　　　　　　　,03-3527-8600    ,23,2,1,2,20,004,00,0000,2215,2215,0330,7660,㈱トランスメイト　　,    ,20,2,3,7,11,015,00,0735,0545,0545,1030,7660,㈱トランスメイト　　,    ,18,2,1,1,17,002,00,1350,1200,1200,1715,7660,㈱トランスメイト　　,    ,
20231226,0,201655,芝浦八千代橋　　　　　　　　　　　　　　　　　　　,03-3457-0738    ,0,0,0,0,0,000,00,0000,0000,0000,0000,0000,　　　　　　　　　　,    ,0,0,0,0,0,000,00,0000,0000,0000,0000,0000,　　　　　　　　　　,    ,0,0,0,0,0,000,00,0000,0000,0000,0000,0000,　　　　　　　　　　,    ,
20231226,0,202123,新橋烏森通　　　　　　　　　　　　　　　　　　　　,03-3504-0183    ,3,7,2,6,7,013,00,2355,2000,2000,0115,7660,㈱トランスメイト　　,    ,19,9,3,7,1,016,00,0945,0545,0545,1015,7660,㈱トランスメイト　　,    ,7,3,2,6,2,013,00,1415,1145,1145,1700,7660,㈱トランスメイト　　,    ,
20231226,0,202130,羽田空港整備場前　　　　　　　　　　　　　　　　　,03-3747-0783    ,13,7,1,1,5,003,00,0135,2200,2200,0315,7660,㈱トランスメイト　　,    ,9,2,2,5,1,010,00,0640,0445,0445,0915,7660,㈱トランスメイト　　,    ,22,5,3,7,9,010,00,1555,1315,1315,1730,7660,㈱トランスメイト　　,    ,
20231226,0,202181,Ｈ溜池山王　　　　　　　　　　　　　　　　　　　　,03-3589-3080    ,16,7,2,4,38,012,00,0230,2215,2215,0330,7660,㈱トランスメイト　　,    ,7,2,2,5,40,012,00,0700,0430,0430,0945,7660,㈱トランスメイト　　,    ,3,2,2,6,26,017,00,1350,1145,1145,1700,7660,㈱トランスメイト　　,    ,
20231226,0,202198,Ｌ＿蒲田駅東　　　　　　　　　　　　　　　　　　　,03-3737-0415    ,9,6,1,2,6,007,00,2335,2015,2015,0115,7660,㈱トランスメイト　　,    ,27,3,1,3,30,007,00,0805,0615,0615,1030,7660,㈱トランスメイト　　,    ,8,4,2,5,39,012,00,1430,1145,1145,1630,7660,㈱トランスメイト　　,    ,
20231226,0,202962,Ｌ＿品川荏原３丁目　　　　　　　　　　　　　　　　,03-3781-7337    ,19,8,1,3,43,008,00,0200,2215,2215,0315,7660,㈱トランスメイト　　,    ,23,4,2,5,18,012,00,0810,0530,0530,1030,7660,㈱トランスメイト　　,    ,14,9,1,2,18,006,00,1610,1145,1145,1700,7660,㈱トランスメイト　　,    ,
20231226,0,203163,Ｓ東京プリンスホテル　　　　　　　　　　　　　　　,03-3434-7708    ,16,1,2,4,30,012,00,2355,2215,2215,0330,7660,㈱トランスメイト　　,    ,10,6,2,4,5,009,00,0830,0430,0430,0930,7660,㈱トランスメイト　　,    ,4,7,2,6,15,016,00,1535,1145,1145,1645,7660,㈱トランスメイト　　,    ,
20231226,0,209651,芝公園４丁目　　　　　　　　　　　　　　　　　　　,03-3433-8565    ,0,0,0,0,0,000,00,0000,0000,0000,0000,0000,　　　　　　　　　　,    ,0,0,0,0,0,000,00,0000,0000,0000,0000,0000,　　　　　　　　　　,    ,0,0,0,0,0,000,00,0000,0000,0000,0000,0000,　　　　　　　　　　,    ,
20231226,0,209674,Ｌ＿東麻布２丁目　　　　　　　　　　　　　　　　　,03-5574-4230    ,5,1,2,5,13,011,00,2200,2000,2000,0115,7660,㈱トランスメイト　　,    ,6,6,2,6,5,013,00,0830,0415,0415,0915,7660,㈱トランスメイト　　,    ,2,3,2,6,39,018,00,1405,1145,1145,1615,7660,㈱トランスメイト　　,    ,
20231226,0,209734,Ｌ＿麻布十番１丁目　　　　　　　　　　　　　　　　,03-3224-3060    ,5,10,2,5,1,011,00,0045,2000,2000,0115,7660,㈱トランスメイト　　,    ,7,8,2,5,46,012,00,0915,0430,0430,0945,7660,㈱トランスメイト　　,    ,17,4,1,1,29,003,00,1430,1200,1200,1630,7660,㈱トランスメイト　　,    ,
20231226,0,212251,Ｌしののめ　　　　　　　　　　　　　　　　　　　　,03-3529-6207    ,11,2,1,1,37,005,00,2315,2115,2115,0245,7660,㈱トランスメイト　　,    ,20,5,2,6,30,015,00,0845,0545,0545,1030,7660,㈱トランスメイト　　,    ,13,2,2,5,10,007,00,1350,1145,1145,1700,7660,㈱トランスメイト　　,    ,
20231226,0,212386,Ｌ月島駅前　　　　　　　　　　　　　　　　　　　　,03-3536-3157    ,6,6,2,5,39,010,00,2350,2000,2000,0100,7660,㈱トランスメイト　　,    ,8,5,2,5,9,011,00,0755,0430,0430,0945,7660,㈱トランスメイト　　,    ,5,2,2,6,11,015,00,1350,1145,1145,1630,7660,㈱トランスメイト　　,    ,
20231226,0,212430,品川埠頭　　　　　　　　　　　　　　　　　　　　　,03-6712-0484    ,21,6,1,3,12,006,00,0125,2230,2230,0245,7660,㈱トランスメイト　　,    ,22,6,2,5,36,013,00,0930,0545,0545,1030,7660,㈱トランスメイト　　,    ,30,4,1,3,9,001,00,1535,1315,1315,1745,7660,㈱トランスメイト　　,    ,
20231226,0,212452,Ｌ＿麻布十番　　　　　　　　　　　　　　　　　　　,03-5476-0268    ,5,9,2,5,2,011,00,0030,2000,2000,0115,7660,㈱トランスメイト　　,    ,31,8,1,1,31,003,00,1000,0615,0615,1045,7660,㈱トランスメイト　　,    ,17,3,1,1,27,003,00,1410,1200,1200,1630,7660,㈱トランスメイト　　,    ,
20231226,0,212475,Ｌ中央晴海３丁目　　　　　　　　　　　　　　　　　,03-3532-2212    ,6,3,2,5,36,010,00,2250,2000,2000,0100,7660,㈱トランスメイト　　,    ,8,1,2,5,13,011,00,0630,0430,0430,0945,7660,㈱トランスメイト　　,    ,5,6,2,6,7,015,00,1515,1145,1145,1630,7660,㈱トランスメイト　　,    ,
20231226,0,212624,Ｌ＿港南麻布　　　　　　　　　　　　　　　　　　　,03-3452-8756    ,5,8,2,5,3,011,00,0015,2000,2000,0115,7660,㈱トランスメイト　　,    ,31,7,1,1,30,003,00,0950,0615,0615,1045,7660,㈱トランスメイト　　,    ,17,2,1,1,26,003,00,1350,1200,1200,1630,7660,㈱トランスメイト　　,    ,
20231226,0,212653,Ｌ＿港一の橋　　　　　　　　　　　　　　　　　　　,03-5442-0397    ,0,0,0,0,0,000,00,0000,0000,0000,0000,0000,　　　　　　　　　　,    ,0,0,0,0,0,000,00,0000,0000,0000,0000,0000,　　　　　　　　　　,    ,0,0,0,0,0,000,00,0000,0000,0000,0000,0000,　　　　　　　　　　,    ,
20231226,0,212720,Ｌ＿港白金　　　　　　　　　　　　　　　　　　　　,03-6450-3280    ,5,4,2,5,10,011,00,2300,2000,2000,0115,7660,㈱トランスメイト　　,    ,18,2,1,1,14,001,00,0740,0545,0545,1100,7660,㈱トランスメイト　　,    ,23,4,2,4,16,008,00,1520,1245,1245,1730,7660,㈱トランスメイト　　,    ,
20231226,0,212802,Ｌ＿港赤坂９丁目　　　　　　　　　　　　　　　　　,03-5414-0739    ,2,8,2,6,47,014,00,0010,2000,2000,0100,7660,㈱トランスメイト　　,    ,7,6,2,5,44,012,00,0830,0430,0430,0945,7660,㈱トランスメイト　　,    ,3,6,2,6,31,017,00,1510,1145,1145,1700,7660,㈱トランスメイト　　,    ,
20231226,0,212848,Ｌ＿白金三光　　　　　　　　　　　　　　　　　　　,03-6447-7474    ,5,5,2,5,9,011,00,2320,2000,2000,0115,7660,㈱トランスメイト　　,    ,18,3,1,1,13,001,00,0805,0545,0545,1100,7660,㈱トランスメイト　　,    ,23,5,2,4,15,008,00,1545,1245,1245,1730,7660,㈱トランスメイト　　,    ,
20231226,0,212920,Ｌ　芝浦シーバンス前　　　　　　　　　　　　　　　,03-3455-8501    ,12,8,1,1,13,004,00,0115,2130,2130,0215,7660,㈱トランスメイト　　,    ,4,2,2,6,34,015,00,0715,0430,0430,0945,7660,㈱トランスメイト　　,    ,2,5,2,6,41,018,00,1450,1145,1145,1615,7660,㈱トランスメイト　　,    ,
20231226,0,212943,お台場　　　　　　　　　　　　　　　　　　　　　　,03-3599-2191    ,0,0,0,0,0,000,00,0000,0000,0000,0000,0000,　　　　　　　　　　,    ,0,0,0,0,0,000,00,0000,0000,0000,0000,0000,　　　　　　　　　　,    ,0,0,0,0,0,000,00,0000,0000,0000,0000,0000,　　　　　　　　　　,    ,
20231226,0,213090,Ｌ　芝浦埠頭　　　　　　　　　　　　　　　　　　　,03-3451-1767    ,1,9,2,6,1,015,00,0035,2000,2000,0100,7660,㈱トランスメイト　　,    ,25,6,2,4,15,010,00,0835,0530,0530,1015,7660,㈱トランスメイト　　,    ,24,2,2,4,10,007,00,1440,1300,1300,1730,7660,㈱トランスメイト　　,    ,
20231226,0,213227,虎ノ門１丁目　　　　　　　　　　　　　　　　　　　,03-6205-8140    ,3,3,2,6,11,013,00,2245,2000,2000,0115,7660,㈱トランスメイト　　,    ,19,2,3,7,8,016,00,0735,0545,0545,1015,7660,㈱トランスメイト　　,    ,7,5,2,5,43,013,00,1455,1145,1145,1700,7660,㈱トランスメイト　　,    ,
20231226,0,213279,国際展示場駅前　　　　　　　　　　　　　　　　　　,03-3527-5728    ,23,4,1,2,18,004,00,0040,2215,2215,0330,7660,㈱トランスメイト　　,    ,26,1,1,3,37,008,00,0755,0630,0630,1100,7660,㈱トランスメイト　　,    ,18,3,1,1,16,002,00,1410,1200,1200,1715,7660,㈱トランスメイト　　,    ,
20231226,0,213397,Ｌ　浜松町１丁目　　　　　　　　　　　　　　　　　,03-5402-6313    ,12,5,1,1,16,004,00,0020,2130,2130,0215,7660,㈱トランスメイト　　,    ,10,4,2,4,7,009,00,0745,0430,0430,0930,7660,㈱トランスメイト　　,    ,4,5,2,6,17,016,00,1445,1145,1145,1645,7660,㈱トランスメイト　　,    ,
20231226,0,213411,Ｌ豊洲１丁目　　　　　　　　　　　　　　　　　　　,03-5547-5661    ,0,0,0,0,0,000,00,0000,0000,0000,0000,0000,　　　　　　　　　　,    ,0,0,0,0,0,000,00,0000,0000,0000,0000,0000,　　　　　　　　　　,    ,0,0,0,0,0,000,00,0000,0000,0000,0000,0000,　　　　　　　　　　,    ,
20231226,0,213629,Ｓ東品川１丁目　　　　　　　　　　　　　　　　　　,03-5460-7558    ,0,0,0,0,0,000,00,0000,0000,0000,0000,0000,　　　　　　　　　　,    ,0,0,0,0,0,000,00,0000,0000,0000,0000,0000,　　　　　　　　　　,    ,0,0,0,0,0,000,00,0000,0000,0000,0000,0000,　　　　　　　　　　,    ,
20231226,0,214221,Ｌ　久が原駅前　　　　　　　　　　　　　　　　　　,03-5700-0222    ,10,4,1,2,28,006,00,2305,2015,2015,0130,7660,㈱トランスメイト　　,    ,16,4,1,1,37,003,00,0755,0515,0515,1015,7660,㈱トランスメイト　　,    ,10,6,2,5,34,010,00,1515,1145,1145,1615,7660,㈱トランスメイト　　,    ,
20231226,0,214830,昭和大病院入院棟　　　　　　　　　　　　　　　　　,03-3784-8604    ,17,9,2,4,10,011,00,0215,2200,2200,0330,7660,㈱トランスメイト　　,    ,23,8,2,5,14,012,00,1000,0530,0530,1030,7660,㈱トランスメイト　　,    ,26,8,1,3,41,005,00,1700,1300,1300,1745,7660,㈱トランスメイト　　,    ,
20231226,0,214847,Ｓ昭和大学東病院　　　　　　　　　　　　　　　　　,03-3784-8808    ,17,8,2,4,11,011,00,0150,2200,2200,0330,7660,㈱トランスメイト　　,    ,23,5,2,5,17,012,00,0835,0530,0530,1030,7660,㈱トランスメイト　　,    ,26,7,1,3,40,005,00,1645,1300,1300,1745,7660,㈱トランスメイト　　,    ,
20231226,0,215166,Ｌ　東糀谷１丁目　　　　　　　　　　　　　　　　　,03-5735-2130    ,15,4,2,5,17,013,00,0045,2215,2215,0315,7660,㈱トランスメイト　　,    ,24,8,2,4,36,011,00,0915,0545,0545,1030,7660,㈱トランスメイト　　,    ,22,3,3,7,11,010,00,1515,1315,1315,1730,7660,㈱トランスメイト　　,    ,
20231226,0,216830,荏原中延駅前　　　　　　　　　　　　　　　　　　　,03-3783-2231    ,17,10,2,4,9,011,00,0235,2200,2200,0330,7660,㈱トランスメイト　　,    ,23,6,2,5,16,012,00,0905,0530,0530,1030,7660,㈱トランスメイト　　,    ,10,1,2,5,29,010,00,1330,1145,1145,1615,7660,㈱トランスメイト　　,    ,
20231226,0,221793,Ｌ＿港三田３丁目　　　　　　　　　　　　　　　　　,03-5765-6613    ,12,1,1,1,20,004,00,2310,2130,2130,0215,7660,㈱トランスメイト　　,    ,18,7,1,1,9,001,00,0950,0545,0545,1100,7660,㈱トランスメイト　　,    ,23,8,2,4,12,008,00,1650,1245,1245,1730,7660,㈱トランスメイト　　,    ,
20231226,0,221965,Ｌ　ＴＯＣ大崎　　　　　　　　　　　　　　　　　　,03-5719-2654    ,4,1,1,1,2,012,00,2200,2000,2000,0115,7660,㈱トランスメイト　　,    ,32,3,1,1,2,002,00,0800,0545,0545,1045,7660,㈱トランスメイト　　,    ,28,3,1,1,2,003,00,1535,1315,1315,1730,7660,㈱トランスメイト　　,    ,
20231226,0,223728,Ｌｔ大井町ホーム　　　　　　　　　　　　　　　　　,03-3714-2480    ,17,1,2,4,18,011,00,2335,2200,2200,0330,7660,㈱トランスメイト　　,    ,14,10,1,2,48,005,00,1000,0515,0515,1015,7660,㈱トランスメイト　　,    ,29,6,1,3,17,002,00,1555,1300,1300,1745,7660,㈱トランスメイト　　,    ,
20231226,0,223734,ローソンホーム薬局西蒲田　　　　　　　　　　　　　,03-5480-0503    ,0,0,0,0,0,000,00,0000,0000,0000,0000,0000,　　　　　　　　　　,    ,0,0,0,0,0,000,00,0000,0000,0000,0000,0000,　　　　　　　　　　,    ,0,0,0,0,0,000,00,0000,0000,0000,0000,0000,　　　　　　　　　　,    ,
20231226,0,223757,Ｌ　目黒大鳥神社前　　　　　　　　　　　　　　　　,03-3760-3255    ,19,1,1,3,36,008,00,2355,2215,2215,0315,7660,㈱トランスメイト　　,    ,12,10,1,3,11,007,00,0925,0445,0445,0930,7660,㈱トランスメイト　　,    ,9,4,2,5,18,011,00,1430,1145,1145,1645,7660,㈱トランスメイト　　,    ,
20231226,0,223800,ＥＸタワープラス　　　　　　　　　　　　　　　　　,03-5413-8151    ,2,3,2,6,41,014,00,2240,2000,2000,0100,7660,㈱トランスメイト　　,    ,6,3,2,6,8,013,00,0715,0415,0415,0915,7660,㈱トランスメイト　　,    ,17,8,1,1,19,003,00,1555,1200,1200,1630,7660,㈱トランスメイト　　,    ,
20231226,0,224001,大井競馬場前　　　　　　　　　　　　　　　　　　　,03-3764-0407    ,14,1,2,6,29,014,00,2250,2130,2130,0230,7660,㈱トランスメイト　　,    ,28,3,1,2,29,006,00,0815,0615,0615,1030,7660,㈱トランスメイト　　,    ,28,5,1,3,29,003,00,1625,1315,1315,1730,7660,㈱トランスメイト　　,    ,
20231226,0,228170,Ｌ江東豊洲５丁目　　　　　　　　　　　　　　　　　,03-5547-8248    ,11,5,1,1,41,005,00,0020,2115,2115,0245,7660,㈱トランスメイト　　,    ,15,4,1,2,3,004,00,0755,0515,0515,1030,7660,㈱トランスメイト　　,    ,13,5,2,5,7,007,00,1505,1145,1145,1700,7660,㈱トランスメイト　　,    ,
20231226,0,228884,サウンドクルー　　　　　　　　　　　　　　　　　　,03-6404-8118    ,20,7,1,3,22,007,00,0135,2215,2215,0315,7660,㈱トランスメイト　　,    ,28,1,1,2,27,006,00,0730,0615,0615,1030,7660,㈱トランスメイト　　,    ,21,4,3,7,4,011,00,1510,1300,1300,1730,7660,㈱トランスメイト　　,    ,
20231226,0,233046,Ｌ　鵜の木１丁目　　　　　　　　　　　　　　　　　,03-3750-0520    ,10,7,1,2,32,006,00,0005,2015,2015,0130,7660,㈱トランスメイト　　,    ,16,7,1,1,41,003,00,0905,0515,0515,1015,7660,㈱トランスメイト　　,    ,8,7,2,5,41,012,00,1530,1145,1145,1630,7660,㈱トランスメイト　　,    ,
20231226,0,233365,Ｌ　蒲田大城通り　　　　　　　　　　　　　　　　　,03-5700-5885    ,0,0,0,0,0,000,00,0000,0000,0000,0000,0000,　　　　　　　　　　,    ,0,0,0,0,0,000,00,0000,0000,0000,0000,0000,　　　　　　　　　　,    ,0,0,0,0,0,000,00,0000,0000,0000,0000,0000,　　　　　　　　　　,    ,
20231226,0,233514,大森西４丁目　　　　　　　　　　　　　　　　　　　,03-3763-1176    ,9,2,1,2,10,007,00,2220,2015,2015,0115,7660,㈱トランスメイト　　,    ,28,5,1,2,32,006,00,0900,0615,0615,1030,7660,㈱トランスメイト　　,    ,15,4,1,2,14,005,00,1420,1145,1145,1630,7660,㈱トランスメイト　　,    ,
20231226,0,233690,高輪３丁目　　　　　　　　　　　　　　　　　　　　,03-3441-0377    ,24,2,1,1,22,003,00,0030,2230,2230,0330,7660,㈱トランスメイト　　,    ,31,1,1,1,23,003,00,0750,0615,0615,1045,7660,㈱トランスメイト　　,    ,23,1,2,4,19,008,00,1405,1245,1245,1730,7660,㈱トランスメイト　　,    ,
20231226,0,233721,Ｌ　品川南大井４丁目　　　　　　　　　　　　　　　,03-5767-5365    ,14,7,2,6,36,014,00,0105,2130,2130,0230,7660,㈱トランスメイト　　,    ,30,5,1,2,10,004,00,0855,0615,0615,1045,7660,㈱トランスメイト　　,    ,29,2,1,3,21,002,00,1440,1300,1300,1745,7660,㈱トランスメイト　　,    ,
20231226,0,238581,麻布三ノ橋　　　　　　　　　　　　　　　　　　　　,03-6722-6272    ,5,3,2,5,11,011,00,2240,2000,2000,0115,7660,㈱トランスメイト　　,    ,18,4,1,1,12,001,00,0830,0545,0545,1100,7660,㈱トランスメイト　　,    ,2,2,2,6,38,018,00,1350,1145,1145,1615,7660,㈱トランスメイト　　,    ,
20231226,0,238635,Ｌ　品川大井１丁目　　　　　　　　　　　　　　　　,03-3776-5030    ,22,3,1,3,6,005,00,0025,2230,2230,0315,7660,㈱トランスメイト　　,    ,11,6,1,3,46,008,00,0820,0430,0430,0915,7660,㈱トランスメイト　　,    ,29,8,1,3,15,002,00,1630,1300,1300,1745,7660,㈱トランスメイト　　,    ,
20231226,0,238747,Ｓ江東豊洲６丁目　　　　　　　　　　　　　　　　　,03-6219-6300    ,11,4,1,1,39,005,00,0000,2115,2115,0245,7660,㈱トランスメイト　　,    ,15,5,1,2,2,004,00,0820,0515,0515,1030,7660,㈱トランスメイト　　,    ,13,4,2,5,8,007,00,1440,1145,1145,1700,7660,㈱トランスメイト　　,    ,
20231226,0,239014,平和島団地倉庫　　　　　　　　　　　　　　　　　　,03-6410-8090    ,14,9,2,6,38,014,00,0150,2130,2130,0230,7660,㈱トランスメイト　　,    ,29,1,1,2,23,005,00,0720,0615,0615,1030,7660,㈱トランスメイト　　,    ,21,8,3,7,1,011,00,1700,1300,1300,1730,7660,㈱トランスメイト　　,    ,
20231226,0,239020,佃２丁目　　　　　　　　　　　　　　　　　　　　　,03-3531-6821    ,6,5,2,5,38,010,00,2335,2000,2000,0100,7660,㈱トランスメイト　　,    ,8,8,2,5,3,011,00,0900,0430,0430,0945,7660,㈱トランスメイト　　,    ,5,1,2,6,12,015,00,1330,1145,1145,1630,7660,㈱トランスメイト　　,    ,
20231226,0,239132,Ｈみなとパーク芝浦　　　　　　　　　　　　　　　　,03-3453-3710    ,4,5,2,6,17,012,00,2335,2000,2000,0115,7660,㈱トランスメイト　　,    ,25,9,2,4,12,010,00,0935,0530,0530,1015,7660,㈱トランスメイト　　,    ,2,7,2,6,43,018,00,1530,1145,1145,1615,7660,㈱トランスメイト　　,    ,
20231226,0,239333,Ｌ＿目黒本町　　　　　　　　　　　　　　　　　　　,03-3710-1863    ,18,1,2,4,7,010,00,2350,2215,2215,0300,7660,㈱トランスメイト　　,    ,12,4,1,3,17,007,00,0725,0445,0445,0930,7660,㈱トランスメイト　　,    ,9,8,2,5,14,011,00,1545,1145,1145,1645,7660,㈱トランスメイト　　,    ,
20231226,0,243139,Ｈ大森駅北口　　　　　　　　　　　　　　　　　　　,03-3763-5480    ,20,5,1,3,33,007,00,0050,2215,2215,0315,7660,㈱トランスメイト　　,    ,24,2,2,4,30,011,00,0715,0545,0545,1030,7660,㈱トランスメイト　　,    ,27,3,1,3,33,004,00,1545,1330,1330,1730,7660,㈱トランスメイト　　,    ,
20231226,0,243174,東京ビッグサイトエントランス　　　　　　　　　　　,03-5530-3056    ,23,3,1,2,19,004,00,0020,2215,2215,0330,7660,㈱トランスメイト　　,    ,20,8,2,6,19,015,00,0950,0545,0545,1030,7660,㈱トランスメイト　　,    ,18,9,1,1,10,002,00,1625,1200,1200,1715,7660,㈱トランスメイト　　,    ,
20231226,0,246333,Ｈ東品川５丁目　　　　　　　　　　　　　　　　　　,03-5463-1150    ,21,4,1,3,14,006,00,0050,2230,2230,0245,7660,㈱トランスメイト　　,    ,4,3,2,6,35,015,00,0740,0430,0430,0945,7660,㈱トランスメイト　　,    ,11,5,1,2,48,009,00,1455,1200,1200,1615,7660,㈱トランスメイト　　,    ,
20231226,0,246400,荏原町駅前　　　　　　　　　　　　　　　　　　　　,03-5749-3445    ,0,0,0,0,0,000,00,0000,0000,0000,0000,0000,　　　　　　　　　　,    ,0,0,0,0,0,000,00,0000,0000,0000,0000,0000,　　　　　　　　　　,    ,0,0,0,0,0,000,00,0000,0000,0000,0000,0000,　　　　　　　　　　,    ,
20231226,0,246563,ポートストア海岸　　　　　　　　　　　　　　　　　,03-3455-3890    ,1,8,2,6,2,015,00,0020,2000,2000,0100,7660,㈱トランスメイト　　,    ,22,7,2,5,37,013,00,0950,0545,0545,1030,7660,㈱トランスメイト　　,    ,24,4,2,4,8,007,00,1520,1300,1300,1730,7660,㈱トランスメイト　　,    ,
20231226,0,246592,赤坂氷川公園前　　　　　　　　　　　　　　　　　　,03-3588-7887    ,2,6,2,6,45,014,00,2335,2000,2000,0100,7660,㈱トランスメイト　　,    ,7,4,2,5,42,012,00,0750,0430,0430,0945,7660,㈱トランスメイト　　,    ,3,4,2,6,29,017,00,1430,1145,1145,1700,7660,㈱トランスメイト　　,    ,
20231226,0,246681,ポートストア有明　　　　　　　　　　　　　　　　　,03-3527-5884    ,23,10,1,2,12,004,00,0250,2215,2215,0330,7660,㈱トランスメイト　　,    ,26,2,1,3,38,008,00,0820,0630,0630,1100,7660,㈱トランスメイト　　,    ,19,2,1,1,7,001,00,1355,1200,1200,1615,7660,㈱トランスメイト　　,    ,
20231226,0,246729,お台場海浜公園前　　　　　　　　　　　　　　　　　,03-5962-4466    ,23,6,1,2,16,004,00,0120,2215,2215,0330,7660,㈱トランスメイト　　,    ,26,4,1,3,40,008,00,0900,0630,0630,1100,7660,㈱トランスメイト　　,    ,19,3,1,1,6,001,00,1420,1200,1200,1615,7660,㈱トランスメイト　　,    ,
20231226,0,246847,西六郷４丁目　　　　　　　　　　　　　　　　　　　,03-5711-7075    ,9,11,1,2,1,007,00,0105,2015,2015,0115,7660,㈱トランスメイト　　,    ,27,7,1,3,34,007,00,0935,0615,0615,1030,7660,㈱トランスメイト　　,    ,8,1,2,5,37,012,00,1330,1145,1145,1630,7660,㈱トランスメイト　　,    ,
20231226,0,247054,メトロス赤坂見附　　　　　　　　　　　　　　　　　,03-3816-2604    ,0,0,0,0,0,000,00,0000,0000,0000,0000,0000,　　　　　　　　　　,    ,0,0,0,0,0,000,00,0000,0000,0000,0000,0000,　　　　　　　　　　,    ,0,0,0,0,0,000,00,0000,0000,0000,0000,0000,　　　　　　　　　　,    ,
20231226,0,247172,大井町銀座通り　　　　　　　　　　　　　　　　　　,03-5463-1177    ,17,3,2,4,16,011,00,0005,2200,2200,0330,7660,㈱トランスメイト　　,    ,11,8,1,3,48,008,00,0855,0430,0430,0915,7660,㈱トランスメイト　　,    ,29,5,1,3,18,002,00,1540,1300,1300,1745,7660,㈱トランスメイト　　,    ,
20231226,0,264503,Ｓポートストア日の出　　　　　　　　　　　　　　　,03-5232-0633    ,4,7,2,6,15,012,00,0015,2000,2000,0115,7660,㈱トランスメイト　　,    ,13,9,1,3,1,006,00,0905,0500,0500,0945,7660,㈱トランスメイト　　,    ,24,1,2,4,11,007,00,1425,1300,1300,1730,7660,㈱トランスメイト　　,    ,
20231226,0,265052,大田大森東４丁目　　　　　　　　　　　　　　　　　,03-6436-8454    ,15,2,2,5,19,013,00,0005,2215,2215,0315,7660,㈱トランスメイト　　,    ,24,6,2,4,34,011,00,0835,0545,0545,1030,7660,㈱トランスメイト　　,    ,15,8,1,2,10,005,00,1545,1145,1145,1630,7660,㈱トランスメイト　　,    ,
20231226,0,268671,三井ガーデンホテル五反田　　　　　　　　　　　　　,03-5424-1162    ,8,5,1,2,41,008,00,2315,2000,2000,0100,7660,㈱トランスメイト　　,    ,32,5,1,1,5,002,00,0850,0545,0545,1045,7660,㈱トランスメイト　　,    ,12,5,1,2,36,019,00,1450,1145,1145,1645,7660,㈱トランスメイト　　,    ,
20231226,0,268990,ポートストア青海　　　　　　　　　　　　　　　　　,03-5500-1861    ,23,9,1,2,13,004,00,0225,2215,2215,0330,7660,㈱トランスメイト　　,    ,26,3,1,3,39,008,00,0835,0630,0630,1100,7660,㈱トランスメイト　　,    ,19,1,1,1,8,001,00,1330,1200,1200,1615,7660,㈱トランスメイト　　,    ,
20231226,0,269370,メトロス六本木　　　　　　　　　　　　　　　　　　,03-3816-2604    ,0,0,0,0,0,000,00,0000,0000,0000,0000,0000,　　　　　　　　　　,    ,0,0,0,0,0,000,00,0000,0000,0000,0000,0000,　　　　　　　　　　,    ,0,0,0,0,0,000,00,0000,0000,0000,0000,0000,　　　　　　　　　　,    ,
20231226,0,269475,東矢口２丁目　　　　　　　　　　　　　　　　　　　,03-3750-3900    ,13,2,1,1,10,003,00,2350,2200,2200,0315,7660,㈱トランスメイト　　,    ,27,5,1,3,32,007,00,0850,0615,0615,1030,7660,㈱トランスメイト　　,    ,8,6,2,5,40,012,00,1510,1145,1145,1630,7660,㈱トランスメイト　　,    ,
20231226,0,269498,Ｓ大森赤十字病院　　　　　　　　　　　　　　　　　,03-5742-0151    ,10,10,1,2,36,006,00,0110,2015,2015,0130,7660,㈱トランスメイト　　,    ,3,4,2,5,47,016,00,0845,0415,0415,0915,7660,㈱トランスメイト　　,    ,15,5,1,2,13,005,00,1445,1145,1145,1630,7660,㈱トランスメイト　　,    ,
20231226,0,274051,大森北１丁目　　　　　　　　　　　　　　　　　　　,03-3766-2295    ,20,4,1,3,32,007,00,0035,2215,2215,0315,7660,㈱トランスメイト　　,    ,24,1,2,4,29,011,00,0700,0545,0545,1030,7660,㈱トランスメイト　　,    ,27,2,1,3,32,004,00,1530,1330,1330,1730,7660,㈱トランスメイト　　,    ,
20231226,0,274068,大森北八幡通　　　　　　　　　　　　　　　　　　　,03-3762-9544    ,20,3,1,3,31,007,00,0015,2215,2215,0315,7660,㈱トランスメイト　　,    ,24,3,2,4,31,011,00,0740,0545,0545,1030,7660,㈱トランスメイト　　,    ,27,7,1,3,36,004,00,1700,1330,1330,1730,7660,㈱トランスメイト　　,    ,
20231226,0,274074,西蒲田８丁目　　　　　　　　　　　　　　　　　　　,03-3737-9350    ,13,4,1,1,8,003,00,0035,2200,2200,0315,7660,㈱トランスメイト　　,    ,1,4,2,6,45,018,00,0745,0445,0445,0830,7660,㈱トランスメイト　　,    ,25,7,1,3,47,006,00,1630,1300,1300,1745,7660,㈱トランスメイト　　,    ,
20231226,0,274588,ＴＲＣ南Ｂ棟　　　　　　　　　　　　　　　　　　　,03-3298-5114    ,20,9,1,3,20,007,00,0215,2215,2215,0315,7660,㈱トランスメイト　　,    ,14,3,1,2,40,005,00,0720,0515,0515,1015,7660,㈱トランスメイト　　,    ,21,5,3,7,3,011,00,1540,1300,1300,1730,7660,㈱トランスメイト　　,    ,
20231226,0,274690,池上駅前　　　　　　　　　　　　　　　　　　　　　,03-3751-2676    ,10,9,1,2,35,006,00,0045,2015,2015,0130,7660,㈱トランスメイト　　,    ,14,7,1,2,44,005,00,0900,0515,0515,1015,7660,㈱トランスメイト　　,    ,14,6,1,2,22,006,00,1505,1145,1145,1700,7660,㈱トランスメイト　　,    ,
20231226,0,274720,赤坂インターシティＡＩＲ　　　　　　　　　　　　　,03-3583-3939    ,16,5,2,4,35,012,00,0140,2215,2215,0330,7660,㈱トランスメイト　　,    ,10,2,2,4,9,009,00,0650,0430,0430,0930,7660,㈱トランスメイト　　,    ,6,4,2,4,33,014,00,1435,1145,1145,1615,7660,㈱トランスメイト　　,    ,
20231226,0,274944,メトロス表参道　　　　　　　　　　　　　　　　　　,03-3816-2604    ,0,0,0,0,0,000,00,0000,0000,0000,0000,0000,　　　　　　　　　　,    ,0,0,0,0,0,000,00,0000,0000,0000,0000,0000,　　　　　　　　　　,    ,0,0,0,0,0,000,00,0000,0000,0000,0000,0000,　　　　　　　　　　,    ,
20231226,0,279278,Ｓ港区役所庁舎　　　　　　　　　　　　　　　　　　,03-3434-2288    ,99,18,2,6,23,999,00,0350,0000,0000,0430,7660,㈱トランスメイト　　,    ,5,3,2,6,27,014,00,0745,0500,0500,0945,7660,㈱トランスメイト　　,    ,6,7,2,4,38,014,00,1540,1145,1145,1615,7660,㈱トランスメイト　　,    ,
20231226,0,279812,江東東雲　　　　　　　　　　　　　　　　　　　　　,03-5579-6848    ,11,1,1,1,35,005,00,2255,2115,2115,0245,7660,㈱トランスメイト　　,    ,20,4,2,6,29,015,00,0820,0545,0545,1030,7660,㈱トランスメイト　　,    ,13,1,2,5,11,007,00,1330,1145,1145,1700,7660,㈱トランスメイト　　,    ,
20231226,0,285735,南品川１丁目　　　　　　　　　　　　　　　　　　　,03-5479-6150    ,21,1,1,3,17,006,00,2355,2230,2230,0245,7660,㈱トランスメイト　　,    ,30,1,1,2,14,004,00,0730,0615,0615,1045,7660,㈱トランスメイト　　,    ,11,2,1,2,44,009,00,1350,1200,1200,1615,7660,㈱トランスメイト　　,    ,
20231226,0,285741,目黒碑文谷２丁目　　　　　　　　　　　　　　　　　,03-3793-7488    ,18,2,2,4,6,010,00,0005,2215,2215,0300,7660,㈱トランスメイト　　,    ,12,5,1,3,16,007,00,0745,0445,0445,0930,7660,㈱トランスメイト　　,    ,9,9,2,5,13,011,00,1600,1145,1145,1645,7660,㈱トランスメイト　　,    ,
20231226,0,285793,西新橋愛宕下通　　　　　　　　　　　　　　　　　　,03-3519-5588    ,99,8,3,7,5,999,00,0245,0000,0000,0430,7660,㈱トランスメイト　　,    ,19,7,3,7,3,016,00,0910,0545,0545,1015,7660,㈱トランスメイト　　,    ,7,4,2,6,1,013,00,1435,1145,1145,1700,7660,㈱トランスメイト　　,    ,
20231226,0,285801,田町芝浦口　　　　　　　　　　　　　　　　　　　　,03-5476-0138    ,4,4,2,6,18,012,00,2315,2000,2000,0115,7660,㈱トランスメイト　　,    ,13,8,1,3,2,006,00,0845,0500,0500,0945,7660,㈱トランスメイト　　,    ,24,10,2,4,2,007,00,1700,1300,1300,1730,7660,㈱トランスメイト　　,    ,
20231226,0,286002,Ｓザ・プリンスパークタワー東京　　　　　　　　　　,03-3434-2020    ,99,11,3,7,2,999,00,0300,0000,0000,0430,7660,㈱トランスメイト　　,    ,10,3,2,4,8,009,00,0720,0430,0430,0930,7660,㈱トランスメイト　　,    ,4,8,2,6,14,016,00,1555,1145,1145,1645,7660,㈱トランスメイト　　,    ,
20231226,0,286031,大田西馬込１丁目　　　　　　　　　　　　　　　　　,03-3772-4494    ,10,1,1,2,23,006,00,2200,2015,2015,0130,7660,㈱トランスメイト　　,    ,16,1,1,1,33,003,00,0645,0515,0515,1015,7660,㈱トランスメイト　　,    ,10,3,2,5,31,010,00,1415,1145,1145,1615,7660,㈱トランスメイト　　,    ,
20231226,0,286108,Ｈ五反田駅東口　　　　　　　　　　　　　　　　　　,03-3446-5560    ,8,3,1,2,39,008,00,2235,2000,2000,0100,7660,㈱トランスメイト　　,    ,21,6,2,6,13,014,00,0900,0530,0530,1030,7660,㈱トランスメイト　　,    ,12,2,1,2,32,019,00,1350,1145,1145,1645,7660,㈱トランスメイト　　,    ,
20231226,0,286150,慈恵医大本館　　　　　　　　　　　　　　　　　　　,03-3432-2200    ,3,10,2,6,4,013,00,0045,2000,2000,0115,7660,㈱トランスメイト　　,    ,5,6,2,6,22,014,00,0855,0500,0500,0945,7660,㈱トランスメイト　　,    ,6,6,2,4,36,014,00,1520,1145,1145,1615,7660,㈱トランスメイト　　,    ,
20231226,0,286189,港南１丁目　　　　　　　　　　　　　　　　　　　　,03-6882-3984    ,1,5,2,5,46,015,00,2325,2000,2000,0100,7660,㈱トランスメイト　　,    ,13,5,1,3,5,006,00,0745,0500,0500,0945,7660,㈱トランスメイト　　,    ,30,5,1,3,8,001,00,1555,1315,1315,1745,7660,㈱トランスメイト　　,    ,
20231226,0,286255,オリックス赤坂２丁目ビル　　　　　　　　　　　　　,03-5561-1690    ,2,5,2,6,43,014,00,2325,2000,2000,0100,7660,㈱トランスメイト　　,    ,7,3,2,5,41,012,00,0730,0430,0430,0945,7660,㈱トランスメイト　　,    ,3,3,2,6,27,017,00,1410,1145,1145,1700,7660,㈱トランスメイト　　,    ,
20231226,0,291196,港六本木通　　　　　　　　　　　　　　　　　　　　,03-3401-5727    ,2,4,2,6,42,014,00,2300,2000,2000,0100,7660,㈱トランスメイト　　,    ,6,4,2,6,7,013,00,0740,0415,0415,0915,7660,㈱トランスメイト　　,    ,17,7,1,1,20,003,00,1535,1200,1200,1630,7660,㈱トランスメイト　　,    ,
20231226,0,291351,大田山王４丁目　　　　　　　　　　　　　　　　　　,03-6410-7244    ,20,1,1,3,29,007,00,2340,2215,2215,0315,7660,㈱トランスメイト　　,    ,1,2,2,6,43,018,00,0650,0445,0445,0830,7660,㈱トランスメイト　　,    ,20,2,2,4,41,012,00,1410,1215,1215,1615,7660,㈱トランスメイト　　,    ,
20231226,0,291380,品川南大井５丁目　　　　　　　　　　　　　　　　　,03-3764-5015    ,14,8,2,6,37,014,00,0125,2130,2130,0230,7660,㈱トランスメイト　　,    ,30,6,1,2,9,004,00,0915,0615,0615,1045,7660,㈱トランスメイト　　,    ,20,3,2,4,42,012,00,1435,1215,1215,1615,7660,㈱トランスメイト　　,    ,
20231226,0,291687,大田蒲田１丁目　　　　　　　　　　　　　　　　　　,03-3733-7770    ,9,5,1,2,7,007,00,2315,2015,2015,0115,7660,㈱トランスメイト　　,    ,14,6,1,2,43,005,00,0835,0515,0515,1015,7660,㈱トランスメイト　　,    ,14,5,1,2,23,006,00,1445,1145,1145,1700,7660,㈱トランスメイト　　,    ,
20231226,0,295343,ＬＴＦ大田区役所前　　　　　　　　　　　　　　　　,03-3735-1310    ,9,7,1,2,5,007,00,2350,2015,2015,0115,7660,㈱トランスメイト　　,    ,27,2,1,3,28,007,00,0745,0615,0615,1030,7660,㈱トランスメイト　　,    ,8,3,1,1,47,012,00,1410,1145,1145,1630,7660,㈱トランスメイト　　,    ,
20231226,0,295573,ＬＴＦ南大井　　　　　　　　　　　　　　　　　　　,03-3768-7879    ,22,6,1,3,3,005,00,0125,2230,2230,0315,7660,㈱トランスメイト　　,    ,29,5,1,2,19,005,00,0840,0615,0615,1030,7660,㈱トランスメイト　　,    ,27,5,1,2,6,004,00,1625,1330,1330,1730,7660,㈱トランスメイト　　,    ,
20231226,0,295640,ＬＴＦ品川小山台　　　　　　　　　　　　　　　　　,03-3715-5701    ,19,6,1,3,41,008,00,0125,2215,2215,0315,7660,㈱トランスメイト　　,    ,23,3,2,5,19,012,00,0750,0530,0530,1030,7660,㈱トランスメイト　　,    ,12,10,1,1,43,019,00,1625,1145,1145,1645,7660,㈱トランスメイト　　,    ,
20231226,0,295840,ＬＴＦ大田蓮沼駅前　　　　　　　　　　　　　　　　,03-3738-0191    ,13,3,1,1,9,003,00,0015,2200,2200,0315,7660,㈱トランスメイト　　,    ,27,4,1,3,31,007,00,0830,0615,0615,1030,7660,㈱トランスメイト　　,    ,8,5,1,1,48,012,00,1450,1145,1145,1630,7660,㈱トランスメイト　　,    ,
20231226,0,296064,ＬＴＦ蒲田消防署前　　　　　　　　　　　　　　　　,03-3735-1301    ,9,9,1,2,3,007,00,0025,2015,2015,0115,7660,㈱トランスメイト　　,    ,9,8,2,4,48,010,00,0850,0445,0445,0915,7660,㈱トランスメイト　　,    ,25,4,1,2,1,006,00,1525,1300,1300,1745,7660,㈱トランスメイト　　,    ,
20231226,0,296070,ＬＴＦ大田区山王１丁目　　　　　　　　　　　　　　,03-5709-7650    ,18,8,1,3,47,010,00,0205,2215,2215,0300,7660,㈱トランスメイト　　,    ,1,3,2,6,44,018,00,0710,0445,0445,0830,7660,㈱トランスメイト　　,    ,27,1,1,2,7,004,00,1500,1330,1330,1730,7660,㈱トランスメイト　　,    ,
20231226,0,296259,ＬＴＦ大森東１丁目　　　　　　　　　　　　　　　　,03-5753-3650    ,22,9,1,2,47,005,00,0220,2230,2230,0315,7660,㈱トランスメイト　　,    ,29,2,1,2,22,005,00,0740,0615,0615,1030,7660,㈱トランスメイト　　,    ,21,1,1,1,39,011,00,1400,1300,1300,1730,7660,㈱トランスメイト　　,    ,
20231226,0,296348,ＬＴＦ東大井　　　　　　　　　　　　　　　　　　　,03-5460-1503    ,14,4,2,6,32,014,00,2350,2130,2130,0230,7660,㈱トランスメイト　　,    ,4,4,2,6,37,015,00,0815,0430,0430,0945,7660,㈱トランスメイト　　,    ,20,4,1,1,41,012,00,1455,1215,1215,1615,7660,㈱トランスメイト　　,    ,
20231226,0,296390,ＬＴＦ戸越４丁目北　　　　　　　　　　　　　　　　,03-5750-2500    ,19,10,1,3,45,008,00,0245,2215,2215,0315,7660,㈱トランスメイト　　,    ,11,2,2,4,2,008,00,0655,0430,0430,0915,7660,㈱トランスメイト　　,    ,26,2,1,2,5,005,00,1455,1300,1300,1745,7660,㈱トランスメイト　　,    ,
20231226,0,296526,ＬＴＦ戸越銀座　　　　　　　　　　　　　　　　　　,03-5498-5112    ,17,5,2,4,14,011,00,0050,2200,2200,0330,7660,㈱トランスメイト　　,    ,23,1,2,5,29,012,00,0700,0530,0530,1030,7660,㈱トランスメイト　　,    ,26,4,1,2,3,005,00,1545,1300,1300,1745,7660,㈱トランスメイト　　,    ,
20231226,0,296590,ＬＴＦ品川戸越公園駅前　　　　　　　　　　　　　　,03-3788-3136    ,17,7,2,4,12,011,00,0125,2200,2200,0330,7660,㈱トランスメイト　　,    ,11,4,1,3,44,008,00,0730,0430,0430,0915,7660,㈱トランスメイト　　,    ,26,6,1,2,2,005,00,1625,1300,1300,1745,7660,㈱トランスメイト　　,    ,
20231226,0,296673,ＬＴＦ旗の台　　　　　　　　　　　　　　　　　　　,03-3787-5413    ,7,2,2,5,30,009,00,2240,2000,2000,0100,7660,㈱トランスメイト　　,    ,11,1,2,4,3,008,00,0630,0430,0430,0915,7660,㈱トランスメイト　　,    ,14,10,1,1,42,006,00,1630,1145,1145,1700,7660,㈱トランスメイト　　,    ,
20231226,0,296696,ＬＴＦ港区港南３丁目　　　　　　　　　　　　　　　,03-5461-8088    ,1,7,2,6,3,015,00,0000,2000,2000,0100,7660,㈱トランスメイト　　,    ,22,4,2,5,34,013,00,0850,0545,0545,1030,7660,㈱トランスメイト　　,    ,30,1,1,2,8,001,00,1440,1315,1315,1745,7660,㈱トランスメイト　　,    ,
20231226,0,297135,ＬＴＦ荏原１丁目　　　　　　　　　　　　　　　　　,03-3784-3685    ,19,9,1,3,44,008,00,0225,2215,2215,0315,7660,㈱トランスメイト　　,    ,23,2,2,5,20,012,00,0725,0530,0530,1030,7660,㈱トランスメイト　　,    ,26,3,1,2,4,005,00,1520,1300,1300,1745,7660,㈱トランスメイト　　,    ,
20231226,0,297394,ＬＴＦ碑文谷６丁目　　　　　　　　　　　　　　　　,03-5722-8077    ,18,4,2,4,4,010,00,0045,2215,2215,0300,7660,㈱トランスメイト　　,    ,12,3,1,3,18,007,00,0705,0445,0445,0930,7660,㈱トランスメイト　　,    ,9,1,1,1,45,011,00,1330,1145,1145,1645,7660,㈱トランスメイト　　,    ,
20231226,0,297655,ＬＴＦ大田西糀谷　　　　　　　　　　　　　　　　　,03-5737-3071    ,15,8,2,4,47,013,00,0210,2215,2215,0315,7660,㈱トランスメイト　　,    ,24,10,2,4,38,011,00,0955,0545,0545,1030,7660,㈱トランスメイト　　,    ,22,2,1,1,38,010,00,1455,1315,1315,1730,7660,㈱トランスメイト　　,    ,
20231226,0,298347,武蔵小山駅前　　　　　　　　　　　　　　　　　　　,03-3786-5656    ,19,7,1,3,42,008,00,0145,2215,2215,0315,7660,㈱トランスメイト　　,    ,14,8,1,2,46,005,00,0930,0515,0515,1015,7660,㈱トランスメイト　　,    ,14,7,1,2,20,006,00,1535,1145,1145,1700,7660,㈱トランスメイト　　,    ,
20231226,0,344076,虎ノ門２丁目　　　　　　　　　　　　　　　　　　　,03-3585-2247    ,16,4,2,4,34,012,00,0105,2215,2215,0330,7660,㈱トランスメイト　　,    ,5,5,2,6,23,014,00,0835,0500,0500,0945,7660,㈱トランスメイト　　,    ,6,3,2,4,32,014,00,1410,1145,1145,1615,7660,㈱トランスメイト　　,    ,
20231226,0,344099,豊洲センタービル　　　　　　　　　　　　　　　　　,03-5548-3103    ,99,17,2,6,22,999,00,0345,0000,0000,0430,7660,㈱トランスメイト　　,    ,15,2,1,2,5,004,00,0710,0515,0515,1030,7660,㈱トランスメイト　　,    ,13,8,2,5,1,007,00,1625,1145,1145,1700,7660,㈱トランスメイト　　,    ,
20231226,0,354531,東京ポートシティ竹芝　　　　　　　　　　　　　　　,03-6452-8838    ,4,6,2,6,16,012,00,2355,2000,2000,0115,7660,㈱トランスメイト　　,    ,32,6,1,1,4,002,00,0930,0545,0545,1045,7660,㈱トランスメイト　　,    ,7,10,2,5,48,013,00,1635,1145,1145,1700,7660,㈱トランスメイト　　,    ,
20231226,0,354577,メトロス渋谷　　　　　　　　　　　　　　　　　　　,03-3816-2604    ,0,0,0,0,0,000,00,0000,0000,0000,0000,0000,　　　　　　　　　　,    ,0,0,0,0,0,000,00,0000,0000,0000,0000,0000,　　　　　　　　　　,    ,0,0,0,0,0,000,00,0000,0000,0000,0000,0000,　　　　　　　　　　,    ,
20231226,0,354927,Ｈ鮫洲　　　　　　　　　　　　　　　　　　　　　　,03-5460-2051    ,14,3,2,6,31,014,00,2330,2130,2130,0230,7660,㈱トランスメイト　　,    ,4,5,2,6,38,015,00,0835,0430,0430,0945,7660,㈱トランスメイト　　,    ,20,5,2,4,46,012,00,1510,1215,1215,1615,7660,㈱トランスメイト　　,    ,
20231226,0,355022,オークラプレステージタワー　　　　　　　　　　　　,03-5562-7570    ,16,3,2,4,32,012,00,0040,2215,2215,0330,7660,㈱トランスメイト　　,    ,5,4,2,6,24,014,00,0815,0500,0500,0945,7660,㈱トランスメイト　　,    ,6,5,2,4,35,014,00,1500,1145,1145,1615,7660,㈱トランスメイト　　,    ,
20231226,0,363949,中延駅前　　　　　　　　　　　　　　　　　　　　　,03-6426-7455    ,17,11,2,4,8,011,00,0255,2200,2200,0330,7660,㈱トランスメイト　　,    ,23,7,2,5,15,012,00,0930,0530,0530,1030,7660,㈱トランスメイト　　,    ,10,2,2,5,30,010,00,1350,1145,1145,1615,7660,㈱トランスメイト　　,    ,
20231226,0,364015,羽田エアポートガーデン　　　　　　　　　　　　　　,03-6459-9800    ,13,8,1,1,4,003,00,0205,2200,2200,0315,7660,㈱トランスメイト　　,    ,9,1,2,5,2,010,00,0600,0445,0445,0915,7660,㈱トランスメイト　　,    ,1,4,2,6,45,008,00,1540,1200,1200,1630,7660,㈱トランスメイト　　,    ,
20231226,0,364156,東京ビッグサイト南棟　　　　　　　　　　　　　　　,03-3528-1150    ,99,7,3,7,6,999,00,0235,0000,0000,0430,7660,㈱トランスメイト　　,    ,20,9,2,6,18,015,00,1000,0545,0545,1030,7660,㈱トランスメイト　　,    ,18,10,1,1,9,002,00,1640,1200,1200,1715,7660,㈱トランスメイト　　,    ,
20231226,0,364216,Ｓ東京タワー　　　　　　　　　　　　　　　　　　　,03-3578-8939    ,99,12,3,7,1,999,00,0305,0000,0000,0430,7660,㈱トランスメイト　　,    ,10,7,2,4,4,009,00,0855,0430,0430,0930,7660,㈱トランスメイト　　,    ,4,9,2,6,13,016,00,1610,1145,1145,1645,7660,㈱トランスメイト　　,    ,
20231226,0,364328,品川東五反田２丁目　　　　　　　　　　　　　　　　,03-5447-7610    ,8,4,1,2,40,008,00,2255,2000,2000,0100,7660,㈱トランスメイト　　,    ,32,4,1,1,6,002,00,0830,0545,0545,1045,7660,㈱トランスメイト　　,    ,12,3,1,2,33,019,00,1410,1145,1145,1645,7660,㈱トランスメイト　　,    ,
20231226,0,364363,田町センタービル　　　　　　　　　　　　　　　　　,03-3457-5139    ,99,15,2,6,26,999,00,0335,0000,0000,0430,7660,㈱トランスメイト　　,    ,5,2,2,6,26,014,00,0720,0500,0500,0945,7660,㈱トランスメイト　　,    ,6,2,2,4,30,014,00,1345,1145,1145,1615,7660,㈱トランスメイト　　,    ,
20231226,0,364392,牧田総合病院　　　　　　　　　　　　　　　　　　　,03-3737-3963    ,13,5,1,1,7,003,00,0050,2200,2200,0315,7660,㈱トランスメイト　　,    ,1,5,2,6,46,018,00,0800,0445,0445,0830,7660,㈱トランスメイト　　,    ,25,8,1,3,48,006,00,1645,1300,1300,1745,7660,㈱トランスメイト　　,    ,
20231226,0,364423,Ｔｏｋｙｏビッグベイ　　　　　　　　　　　　　　　,03-5500-1814    ,11,10,1,1,48,005,00,0205,2115,2115,0245,7660,㈱トランスメイト　　,    ,15,8,1,1,47,004,00,0930,0515,0515,1030,7660,㈱トランスメイト　　,    ,18,8,1,1,11,002,00,1555,1200,1200,1715,7660,㈱トランスメイト　　,    ,
20231226,0,364564,麻布台１丁目　　　　　　　　　　　　　　　　　　　,03-3585-3963    ,16,2,2,4,31,012,00,0015,2215,2215,0330,7660,㈱トランスメイト　　,    ,6,7,2,6,4,013,00,0855,0415,0415,0915,7660,㈱トランスメイト　　,    ,3,9,2,6,34,017,00,1610,1145,1145,1700,7660,㈱トランスメイト　　,    ,
20231226,0,369455,Ｈ台場駅前　　　　　　　　　　　　　　　　　　　　,03-5579-6696    ,99,10,3,7,3,999,00,0255,0000,0000,0430,7660,㈱トランスメイト　　,    ,26,7,1,3,43,008,00,0955,0630,0630,1100,7660,㈱トランスメイト　　,    ,19,6,1,1,3,001,00,1540,1200,1200,1615,7660,㈱トランスメイト　　,    ,
20231226,0,369490,品川大崎３丁目　　　　　　　　　　　　　　　　　　,03-3779-2717    ,7,4,2,5,32,009,00,2330,2000,2000,0100,7660,㈱トランスメイト　　,    ,17,2,1,1,19,002,00,0710,0515,0515,1015,7660,㈱トランスメイト　　,    ,16,3,1,1,33,004,00,1450,1145,1145,1700,7660,㈱トランスメイト　　,    ,
20231226,0,369640,ＴＨＥ　ＴＯＹＯＳＵ　ＴＯＷＥＲ　　　　　　　　　,03-3532-1070    ,11,6,1,1,42,005,00,0045,2115,2115,0245,7660,㈱トランスメイト　　,    ,15,3,1,2,4,004,00,0735,0515,0515,1030,7660,㈱トランスメイト　　,    ,13,7,2,5,2,007,00,1605,1145,1145,1700,7660,㈱トランスメイト　　,    ,
20231226,0,369662,りんかい線東雲駅　　　　　　　　　　　　　　　　　,03-3529-2002    ,11,8,1,1,45,005,00,0130,2115,2115,0245,7660,㈱トランスメイト　　,    ,15,6,1,2,1,004,00,0850,0515,0515,1030,7660,㈱トランスメイト　　,    ,18,6,1,1,13,002,00,1520,1200,1200,1715,7660,㈱トランスメイト　　,    ,
20231226,0,369870,パークタワー勝どきミッド　　　　　　　　　　　　　,03-3534-9220    ,4,8,2,6,14,012,00,0050,2000,2000,0115,7660,㈱トランスメイト　　,    ,32,7,1,1,3,002,00,1000,0545,0545,1045,7660,㈱トランスメイト　　,    ,16,6,1,1,37,004,00,1630,1145,1145,1700,7660,㈱トランスメイト　　,    ,
20231226,0,370079,ＴＲＣ物流ビルＡ棟　　　　　　　　　　　　　　　　,03-5763-5878    ,20,11,1,3,18,007,00,0255,2215,2215,0315,7660,㈱トランスメイト　　,    ,14,5,1,2,42,005,00,0810,0515,0515,1015,7660,㈱トランスメイト　　,    ,21,7,1,1,40,011,00,1635,1300,1300,1730,7660,㈱トランスメイト　　,    ,
20231226,0,380480,豊洲市場千客万来　　　　　　　　　　　　　　　　　,0000-00-0000    ,0,0,0,0,0,000,00,0000,0000,0000,0000,0000,　　　　　　　　　　,    ,0,0,0,0,0,000,00,0000,0000,0000,0000,0000,　　　　　　　　　　,    ,0,0,0,0,0,000,00,0000,0000,0000,0000,0000,　　　　　　　　　　,    ,
